model_short,condition,item_id,family,correct,finish_reason,wall_ms,output_tokens,output_sha256
12b,off_a,mmlu_pro-000,mmlu_pro,False,stop,196.613419,5,2b811e58a6e1fde6992eb1ffe81c5357d5db8e2e33099f28d9e9b0d6f756ed0b
12b,off_a,gsm8k-000,gsm8k,True,stop,1267.934635,112,d2a2ce301323a3d93915f9da59e0ccde89d44815d10d86e0bf87b53f6c044542
12b,off_a,mbpp-000,mbpp,True,stop,442.812405,31,9f51484c9a5a56047ab13d4b4f31250b8eacc1660d73ccceb372fe3bf437c6e3
12b,off_a,ifeval-000,ifeval,True,stop,2352.34798,207,f3aaada56e017a783687c231f7f57eb390e74c24a5a8441f019807253d978a68
12b,n6,mmlu_pro-000,mmlu_pro,False,stop,197.672402,5,2b811e58a6e1fde6992eb1ffe81c5357d5db8e2e33099f28d9e9b0d6f756ed0b
12b,n6,gsm8k-000,gsm8k,True,stop,613.334711,112,d2a2ce301323a3d93915f9da59e0ccde89d44815d10d86e0bf87b53f6c044542
12b,n6,ifeval-000,ifeval,True,stop,1205.679382,177,fdb0402c11246811edda053fec0a722c8081897fc609445b1d9dc303a93bf98d
12b,n6,mbpp-000,mbpp,True,stop,261.17605,31,9f51484c9a5a56047ab13d4b4f31250b8eacc1660d73ccceb372fe3bf437c6e3
12b,off_a,ifeval-034,ifeval,True,stop,2646.574617,237,f8e04a4e666d4f600971a3122a3aa307e23df6428a3560851a9f21d64f8ea464
12b,off_a,gsm8k-049,gsm8k,True,stop,1671.466529,143,c5ab262e6075d45c6f8130bb326c6be4da67379393be73afdbb5be3b4c943d32
12b,off_a,ifeval-031,ifeval,False,stop,1279.621002,109,4b2b07ffde38a8641f5ecb46263420580f25c542777868fed0837ea9d21dc4fd
12b,off_a,mbpp-030,mbpp,True,stop,2036.502427,172,408433a638513305bfd2fc3694105d54d393a56f1565fa5566678614bfd1acc6
12b,off_a,gsm8k-007,gsm8k,True,stop,2726.93721,235,029637431c85e913957288b6b9853bab6261bdb593de497c60a4769513f7b11a
12b,off_a,mmlu_pro-050,mmlu_pro,False,stop,224.635012,5,7f12398eab61eabfade2a1506d641f27c6035a371dd16cf1e5bbce8ac82b36d3
12b,off_a,mmlu_pro-038,mmlu_pro,True,stop,207.223423,5,7f12398eab61eabfade2a1506d641f27c6035a371dd16cf1e5bbce8ac82b36d3
12b,off_a,gsm8k-006,gsm8k,True,stop,1991.394427,172,d7f2798e62f243feaf28a2295d563fbc47895100fec96776cfd4d90876e120ec
12b,off_a,gsm8k-010,gsm8k,True,stop,2104.070629,182,3f63ce0c1e338b14a377d0e3382211897298eb19280217c7f643227b0e87d160
12b,off_a,mbpp-012,mbpp,True,stop,387.219527,25,88e3a231028f25a24a39fc4fb80211609502549f02a0a820d9108ccc498168d7
12b,off_a,mbpp-038,mbpp,True,stop,711.278017,56,9d32bf8ec3a60d064d92722ee54882cf4ab20d7f501c8938357b484291e640b7
12b,off_a,ifeval-006,ifeval,True,stop,923.319419,76,3664600c8f424da0fb936225737799f3e9dea297398b545dd1042dc385b21d0a
12b,off_a,mmlu_pro-048,mmlu_pro,False,stop,187.489706,5,e192490fee64ad593d0794e211855b9bb10e590dbd903c73641084fcd6da0256
12b,off_a,gsm8k-015,gsm8k,True,stop,2142.785571,187,4fc34790d6c11cce663ec2b12aab55346e0fac4a024addc360224a5c7c53f82a
12b,off_a,gsm8k-014,gsm8k,True,stop,3420.492695,303,a16ae347fec9b6ef002e8087d332a3974e8321270c746a6263a9add3f3484033
12b,off_a,mmlu_pro-015,mmlu_pro,True,stop,234.08127,5,2b811e58a6e1fde6992eb1ffe81c5357d5db8e2e33099f28d9e9b0d6f756ed0b
12b,off_a,ifeval-009,ifeval,True,length,8560.097172,768,e124e43dc33028f51c57fe48db268350dc677c1a1a1c98c3784f8ccfc292a478
12b,off_a,mbpp-028,mbpp,True,stop,551.944509,32,935a46b12d1be56832c2a572cbcfa849f01b218bb282f24708f561971ef205f1
12b,off_a,ifeval-037,ifeval,True,stop,7504.418187,675,3cf8aafd04f59d0935e287354e0a68c67c2ea320e0127d271718984f9696d940
12b,off_a,mbpp-001,mbpp,True,stop,1680.316697,136,22d64486cead50263a0b44dbbe07ae02de501a4c91023bdf92eff42d266fb257
12b,off_a,mbpp-017,mbpp,True,stop,1546.005644,131,8f9856eda2daf17f12c501208241696a0e434a4810f8964c6ed171f86daa523a
12b,off_a,mbpp-010,mbpp,True,stop,2167.926555,188,f2725aae23164a920b1011f8e8433ee8796237503e7523826af80ad0df33735b
12b,off_a,ifeval-001,ifeval,True,stop,2227.926308,194,747899a4f10a2f9e7290c048de5eed973f2dc9ed46a8759ea346eeb979523af6
12b,off_a,mbpp-018,mbpp,True,stop,2983.134291,259,168672a176461ac4ea16304df679fb8bf3d9d9ab86c08ceae5ae3846cae78223
12b,off_a,gsm8k-013,gsm8k,True,stop,1890.650608,158,c29bd7d9f06f755e872573cd736ce490953e702d13a1d01a7f4ea69984afd78e
12b,off_a,gsm8k-023,gsm8k,True,stop,3995.125192,355,0f2d676c69773f8b25b919a6041eb303e4c3363a025764e5155e31a03cb5a82d
12b,off_a,mmlu_pro-016,mmlu_pro,True,stop,247.128657,5,0b881d9aefb8729ec3519b9fc950d22641f552cae9e7b7c3d836e5049ae2a6eb
12b,off_a,mmlu_pro-044,mmlu_pro,True,stop,221.129457,5,e7e621df907fc16c9b06df06caf0acd9c4800660de102246b77df7a00426983a
12b,off_a,ifeval-036,ifeval,True,stop,1217.551614,102,9a73d9e908393e287dd206bb2b41d85be43d9ba512af823545e713733b72012e
12b,off_a,mmlu_pro-006,mmlu_pro,True,stop,257.587285,5,383107968fb4dbad920fba520520a41a0449a7214bbf4a8288643187983af7c9
12b,off_a,ifeval-033,ifeval,True,stop,672.796121,46,ff10fc13366f0c80b7faeff17ab8b35b3281937a10c234f26203e6429c107ea1
12b,off_a,mbpp-011,mbpp,True,stop,735.093641,56,a73e4c15113564e76156ef2c16127b59f92a6662bcb81b51bf4d59bca113a896
12b,off_a,mbpp-003,mbpp,True,stop,417.322161,26,2369d5861c9378ec1edd7526f1a7312ee1942a946ef1ad07c6d3816877ac5930
12b,off_a,gsm8k-030,gsm8k,True,stop,2562.401475,224,32f65ae9462cc9f36e1496087ffb27614daf5665da5ef92791b85ba7015a5b33
12b,off_a,ifeval-021,ifeval,True,stop,2150.329753,184,5cd70933468637bdd552b68e82939aacbfefd63a767665e3b53c77b64fe4a72f
12b,off_a,gsm8k-021,gsm8k,True,stop,2075.077273,179,d455f0370b9d85bab32e95265a1d003cd0a5f7c72a6a066bef480b13fd9e0060
12b,off_a,mmlu_pro-059,mmlu_pro,True,stop,230.3258,5,44bbaa39dea1d8838a3788f80b48ef0ed54d451655d0bf526734658ec6af622f
12b,off_a,gsm8k-047,gsm8k,True,stop,1637.422641,139,96ae33cec934fb5b745bdae65df87a925575174796b72420de97720a55df5f22
12b,off_a,mbpp-004,mbpp,False,length,5757.852635,512,b2bab8b8f43de0cd368b8c8927ee4219b7c633ee26406117ac18eb94a1b77a63
12b,off_a,gsm8k-008,gsm8k,True,stop,2293.804691,193,d11d562f0d972de009bf9b4d9a4e75db552bf059d3ea2ccd6b82ccfdd587168e
12b,off_a,mbpp-005,mbpp,True,stop,4346.494547,377,b0374e3f9a18a2d8f841a494701b42dabb81cadbfa2deedcdcc2fcc611bef57c
12b,off_a,ifeval-028,ifeval,True,stop,5874.333173,517,3af8edfa689f1a7de31fa1adb850ee30dad93f7891c65a2d0e3682447d0d1300
12b,off_a,mmlu_pro-049,mmlu_pro,False,stop,252.625659,5,7f12398eab61eabfade2a1506d641f27c6035a371dd16cf1e5bbce8ac82b36d3
12b,off_a,ifeval-038,ifeval,True,stop,359.555061,22,0b5ad9d9c8203eaeb2bbacf54cb064fa547e58d753594bc948691bf93081e46e
12b,off_a,gsm8k-027,gsm8k,True,stop,4222.207734,378,255dc134d1fd6f38c35d3a96723e72e2bc5650a691ea44e81a63ee0a8ff70a71
12b,off_a,ifeval-020,ifeval,True,stop,3654.112548,322,4b5a8b05796b1590e64b5399cccd2c7711d4d50d3d07d1805660b30c321adaec
12b,off_a,mmlu_pro-024,mmlu_pro,True,stop,208.254098,5,7f12398eab61eabfade2a1506d641f27c6035a371dd16cf1e5bbce8ac82b36d3
12b,off_a,gsm8k-035,gsm8k,True,stop,5535.730257,494,922d6bbc4f295c621be50a7eb2ee02dca79841abc1317fc272ee02c6c16d2874
12b,off_a,mbpp-034,mbpp,True,stop,820.264344,60,65206c7abcc848ae14d11c7f6a17f4a2a858796540372c51156ab4bedab81d65
12b,off_a,gsm8k-052,gsm8k,True,stop,3191.764631,282,2b96b036d42e9f358d7aa24edf13e5a894b5aa159c904f6bc906bb52ff657f42
12b,off_a,mmlu_pro-027,mmlu_pro,True,stop,204.814293,5,f246277cc5248bc3d0e34f18c1e51dbf384b76ba4bc05357a5783df373eefa83
12b,off_a,mbpp-016,mbpp,False,length,5775.401338,512,a52b54b5b07b661c734dbdd1866828f23d7235a4d3da9c76108dc39383251392
12b,off_a,mmlu_pro-003,mmlu_pro,True,stop,297.933795,5,0b881d9aefb8729ec3519b9fc950d22641f552cae9e7b7c3d836e5049ae2a6eb
12b,off_a,gsm8k-050,gsm8k,False,stop,1432.743364,121,016ef07e7112becd369393cf94cf4a75ff51710c5d876450210c7986b371a77b
12b,off_a,gsm8k-038,gsm8k,False,stop,3172.578006,280,0ab8a9bb9fa6d8bff4ebe58212e004078b9b5d2f446a20aa753a8c50c4ae3720
12b,off_a,ifeval-035,ifeval,True,stop,261.102445,13,8bfa9fe1f5d629c2629d34be1303c062d4a34dd748535a18459bc73603bc0c3a
12b,off_a,ifeval-018,ifeval,True,stop,5347.311418,481,2357b8615bf680f4be152e57f23e764086c9b033d06c42f16b4d396ebb71a962
12b,off_a,ifeval-030,ifeval,True,stop,7163.469836,640,72ee3c65b72785ade2e0dd436c6b94846e2bbec35efc6dce283851832d2aca9a
12b,off_a,gsm8k-016,gsm8k,False,stop,2541.729495,217,ec31a30a80c0ec6e036408977689eb7a02672162c467d2fa1a3dcf314959b460
12b,off_a,gsm8k-046,gsm8k,True,stop,1870.285457,161,df722782bad0a68763109b4603f87d14b5e170d21f7dcf247535fa2af7e41101
12b,off_a,mmlu_pro-026,mmlu_pro,True,stop,175.904681,5,383107968fb4dbad920fba520520a41a0449a7214bbf4a8288643187983af7c9
12b,off_a,gsm8k-055,gsm8k,True,stop,2247.840751,196,85ed74d946cad5f2fb923f05dabcc5528b3fb69d917c72291f57ccf99d28e6f7
12b,off_a,ifeval-011,ifeval,True,stop,571.895665,43,5aff68f94fe9af9cb729203b5da84398e660105926e4a2fe51acc9cd7d54d4cb
12b,off_a,mmlu_pro-053,mmlu_pro,False,stop,203.590744,5,f246277cc5248bc3d0e34f18c1e51dbf384b76ba4bc05357a5783df373eefa83
12b,off_a,ifeval-015,ifeval,True,stop,1281.17804,109,967001387bcb1cebebfdf692e8d1b20de212afc5b8475212a832d87ea4585cc1
12b,off_a,mmlu_pro-010,mmlu_pro,True,stop,256.444139,5,79c14ef69b8803008a7947090ee9d8b4065c49bc1b60dd0d647e9b27f2aac0bd
12b,off_a,mmlu_pro-055,mmlu_pro,False,stop,266.271601,5,79c14ef69b8803008a7947090ee9d8b4065c49bc1b60dd0d647e9b27f2aac0bd
12b,off_a,mmlu_pro-045,mmlu_pro,False,stop,285.426794,5,0b881d9aefb8729ec3519b9fc950d22641f552cae9e7b7c3d836e5049ae2a6eb
12b,off_a,gsm8k-045,gsm8k,True,stop,2203.561167,183,3a5d4ceea35b2b6939f5f58795d47279b85c3ceab266675b6b881c319907ad5a
12b,off_a,mmlu_pro-046,mmlu_pro,False,stop,274.843685,5,44bbaa39dea1d8838a3788f80b48ef0ed54d451655d0bf526734658ec6af622f
12b,off_a,mbpp-023,mbpp,False,length,5795.349274,512,96cbdeeb94f12690f200d820a91420b6613ff4422f9815f4dba1ca2e681cf8e3
12b,off_a,ifeval-032,ifeval,False,stop,472.600384,27,57e39da020e575bf001d972fb9638e85608377ea9aa57d63a93b23c92710811d
12b,off_a,gsm8k-059,gsm8k,True,stop,3098.815124,278,620d7dc3ec1fae915107b50521a5168eda9e0f363dd14586a6ff483646526fd0
12b,off_a,mmlu_pro-022,mmlu_pro,True,stop,277.997116,5,75a8382d1f0eeb8ade3ff32fd5d253d6d61f5569a8c8c7a7f2fa4e891b73e012
12b,off_a,gsm8k-057,gsm8k,True,stop,2565.460223,218,038e92c46ad335e219439c49d30f5a766deb0a68b454ade202c575e8fc8f7bdf
12b,off_a,ifeval-008,ifeval,False,stop,2236.783183,193,b74f051155611197fdaa905fc1359874a45d5e79b8ce824f833f65806d41dba6
12b,off_a,mmlu_pro-052,mmlu_pro,True,stop,240.936077,5,79c14ef69b8803008a7947090ee9d8b4065c49bc1b60dd0d647e9b27f2aac0bd
12b,off_a,mmlu_pro-017,mmlu_pro,False,stop,289.455952,5,75a8382d1f0eeb8ade3ff32fd5d253d6d61f5569a8c8c7a7f2fa4e891b73e012
12b,off_a,gsm8k-044,gsm8k,True,stop,2363.674134,205,6ad8c4d94cb13b370c0c7b4db3b6b621bcb2b0f6cfc298becd58a0979a958750
12b,off_a,ifeval-023,ifeval,True,stop,2732.832292,240,98976f5199ead80af9c8916229572be50afd0d91c3272e17bbb8952160caa700
12b,off_a,gsm8k-002,gsm8k,True,stop,4227.084254,374,f7a7cbd1949f0458cc85c29aa55c01dd09f5b11b9c633e8d3712249b536ac735
12b,off_a,mmlu_pro-018,mmlu_pro,False,stop,280.543082,5,2b811e58a6e1fde6992eb1ffe81c5357d5db8e2e33099f28d9e9b0d6f756ed0b
12b,off_a,ifeval-002,ifeval,True,stop,1805.2393,153,28976e5147f9629b0d15ee959f0827c86fbbe3a652f658475c5f74895efdbd1e
12b,off_a,mmlu_pro-035,mmlu_pro,True,stop,180.991724,5,7f12398eab61eabfade2a1506d641f27c6035a371dd16cf1e5bbce8ac82b36d3
12b,off_a,gsm8k-041,gsm8k,True,stop,1740.823513,148,3e8837662aa6cd0330ba5d006cfdb95a2b88b7351df7923ea4428f13acf3c82d
12b,off_a,mbpp-007,mbpp,True,stop,3498.329081,308,ca0875e92228093d83135689b78699d0b30ce70d0cb657d6853e3518f18bedf3
12b,off_a,gsm8k-037,gsm8k,True,stop,4967.333512,438,ca6b5cc5750f78aba208ee6cee90246bcdd7b57fccee0e5a3deafbfe12686703
12b,off_a,mmlu_pro-051,mmlu_pro,False,stop,263.775187,5,0b881d9aefb8729ec3519b9fc950d22641f552cae9e7b7c3d836e5049ae2a6eb
12b,off_a,gsm8k-039,gsm8k,True,stop,5367.65881,480,fb32d7098fa115574a80ddd93ed832a6c4fe499d3ac99571da234f7c4904e76d
12b,off_a,mmlu_pro-012,mmlu_pro,False,stop,351.552149,5,383107968fb4dbad920fba520520a41a0449a7214bbf4a8288643187983af7c9
12b,off_a,ifeval-024,ifeval,True,stop,1661.056288,136,24210b164c622848fdaee9901430ed73bb17a57f1dcae0f8aeb0374eb2fd4cc9
12b,off_a,ifeval-025,ifeval,True,stop,5347.755477,480,e2bc306df2c511b7714942ed5ee8c809d73af5bd45acd0e30371a04d96f0d3b0
12b,off_a,gsm8k-001,gsm8k,True,stop,3198.248973,278,9a10eec46b018993da0c9c29af703c0dff9520226b792a01262d170d226df54e
12b,off_a,mbpp-036,mbpp,True,stop,522.680772,35,68f4d7589f633b92b13fefd6bef50c8c846fe1a3fe75b1a2bbc3a26e31f80c9f
12b,off_a,gsm8k-004,gsm8k,True,stop,1700.979942,147,37ded3bbd709e34262192a50410561aaf27965b82bc91c8bd415e4eedd653db0
12b,off_a,mbpp-022,mbpp,True,stop,565.457048,36,0de54c5f0b17f075fcf6b40205e874d57cddc5d15fb264c75bb341a73617141e
12b,off_a,mbpp-013,mbpp,True,stop,465.775916,28,4df63423cb4c04c28d5305e7cc592e14020ebdb226133841cd882a53ddf5b8b2
12b,off_a,ifeval-013,ifeval,True,stop,1799.999984,156,fd714d145d1c8f7015bdad611da303a0178871f6ec714f44f866190f0b8d12c3
12b,off_a,ifeval-007,ifeval,False,stop,613.016846,48,3e7eb239d439ecf978629114aee4e04094b231211a7419027f01c1f6dd7baa22
12b,off_a,mbpp-021,mbpp,True,stop,3035.484363,267,b5ad8d7a501a14ab4950cca5ef6a768cbaa0536fbc583bcb8e128596c9978022
12b,off_a,mbpp-002,mbpp,True,stop,357.580699,20,06656aea3e5d36d758091598f861a450b00ae765dc4353b0817442bf438956ec
12b,off_a,gsm8k-054,gsm8k,True,stop,3160.835617,280,54b3e3ef09726d261d1e4b01c284e0484da06616ad88aaedfb529a2c99a18f89
12b,off_a,mmlu_pro-043,mmlu_pro,True,stop,190.372644,5,e192490fee64ad593d0794e211855b9bb10e590dbd903c73641084fcd6da0256
12b,off_a,mmlu_pro-036,mmlu_pro,True,stop,170.043187,5,79c14ef69b8803008a7947090ee9d8b4065c49bc1b60dd0d647e9b27f2aac0bd
12b,off_a,ifeval-004,ifeval,True,stop,8039.088487,723,df4e93d414993905109a78909a305984c984a35514799f95f57d0eb8589e837d
12b,off_a,gsm8k-042,gsm8k,True,stop,2052.733204,171,de84d62585e2b2405e6ff0deabf5247b7f0da493cb8469741b92fe5a7e5edb4a
12b,off_a,ifeval-029,ifeval,True,stop,3749.555454,334,8ee62e13cd6a26317d678b26785457ff377dfb262ad3cbc053052f9f558f8d31
12b,off_a,gsm8k-017,gsm8k,True,stop,1581.196304,133,b79db9dbad87d0691584fc9c3c91e9372bb366a3eede4a26930d48092e2f4416
12b,off_a,gsm8k-033,gsm8k,True,stop,3143.264708,277,13234854a09ec901a761b20b2afdc4230acacc5b676c45dc0ae009c891d2ca57
12b,off_a,mmlu_pro-002,mmlu_pro,False,stop,219.542534,5,75a8382d1f0eeb8ade3ff32fd5d253d6d61f5569a8c8c7a7f2fa4e891b73e012
12b,off_a,gsm8k-005,gsm8k,True,stop,2761.393559,241,8c2e7948a4967d7edb2de78d3d066b562372c25bc89d74f5cebe8c0327a5e9ec
12b,off_a,mmlu_pro-004,mmlu_pro,True,stop,289.118696,5,75a8382d1f0eeb8ade3ff32fd5d253d6d61f5569a8c8c7a7f2fa4e891b73e012
12b,off_a,mmlu_pro-001,mmlu_pro,False,stop,291.08018,5,2b811e58a6e1fde6992eb1ffe81c5357d5db8e2e33099f28d9e9b0d6f756ed0b
12b,off_a,mmlu_pro-031,mmlu_pro,True,stop,182.216835,5,2b811e58a6e1fde6992eb1ffe81c5357d5db8e2e33099f28d9e9b0d6f756ed0b
12b,off_a,ifeval-019,ifeval,True,stop,5875.057545,530,62bb2009abcb0b341ab812183164e556418a4abc7758467e183cfca07d4afe9b
12b,off_a,gsm8k-034,gsm8k,True,stop,4774.145871,420,ebfa05b6f6326cb8c9b8dcb13bea4d6adf9c8857c1f9948dfa667882b73528d6
12b,off_a,gsm8k-031,gsm8k,True,stop,2677.789602,230,1eacf3d6f8042e87e73d5186d68015f43edfd8f2e3908f51529edd6481904e12
12b,off_a,gsm8k-036,gsm8k,True,stop,1966.156494,168,d0ff1598e3600e97af9a9734e88229d5efcfce238b92149c7f41af574ddce1d2
12b,off_a,gsm8k-022,gsm8k,True,stop,2840.013913,249,5b4478b445f35bbb6f1d908596f171c6f8e80f2dbb0d96130ed1155dcb213392
12b,off_a,mmlu_pro-023,mmlu_pro,True,stop,257.617479,5,7f12398eab61eabfade2a1506d641f27c6035a371dd16cf1e5bbce8ac82b36d3
12b,off_a,ifeval-017,ifeval,True,stop,6098.647204,547,4431f986a281079de661d35d417ec3281fad1743f3bcdc183bd85df706f8699e
12b,off_a,mbpp-015,mbpp,True,stop,420.676442,24,eee918b4317d18580849bd33e3360e3eb0ba64663317e98e1b2cbe720fa691f6
12b,off_a,mmlu_pro-040,mmlu_pro,False,stop,166.273963,5,2b811e58a6e1fde6992eb1ffe81c5357d5db8e2e33099f28d9e9b0d6f756ed0b
12b,off_a,mmlu_pro-047,mmlu_pro,True,stop,215.58307,5,f246277cc5248bc3d0e34f18c1e51dbf384b76ba4bc05357a5783df373eefa83
12b,off_a,ifeval-022,ifeval,True,stop,1439.648927,121,a24c3a1591b76a6454171340d74d91afeb50e794ad9b84c2420bf3e86c461876
12b,off_a,gsm8k-028,gsm8k,True,stop,1847.982111,161,e5a1424f4560cad8ccff50334e164b49f008309fae760cd1561cc0f91a1781c1
12b,off_a,mbpp-027,mbpp,True,stop,906.324047,66,c113ae17a302d1fd851d7a78dbfa687df73adf25301e048d21b7431c16659497
12b,off_a,ifeval-005,ifeval,True,stop,3967.24845,349,f3b628124e9bbdc2c5f4893d328410030a1e21a59dcf8c45e1162c0c48eae084
12b,off_a,mbpp-029,mbpp,True,stop,741.861294,57,ffe7a6489e15ea5468f70eda228859660412f367ee69980ee17ac1bbd2ff82a3
12b,off_a,ifeval-010,ifeval,False,stop,3919.73849,350,ab4bdda56c557c96621d2aa422b10fe574c04bf10e09e82d67203e4dbed51201
12b,off_a,gsm8k-032,gsm8k,True,stop,2795.145375,243,32820e6651fe79b72bac56df15c303c10053e3ad5b48d1d5fb310caa1e2573ea
12b,off_a,gsm8k-048,gsm8k,True,stop,2390.996343,206,316074cc7979523488330cea3c1f3e96909d0cc7b9ec7a0e944e825574eb7957
12b,off_a,ifeval-012,ifeval,True,stop,4642.370913,414,a935adfb8d811be0eb412f4483161925825185b2c20297707cf3517b733ec7d0
12b,off_a,mmlu_pro-037,mmlu_pro,False,stop,247.302086,5,f246277cc5248bc3d0e34f18c1e51dbf384b76ba4bc05357a5783df373eefa83
12b,off_a,gsm8k-026,gsm8k,True,stop,3657.247366,320,8a3cb8dc4862b14a37594060c58d58f2434d017c5b4806bf91306822b79ee214
12b,off_a,ifeval-027,ifeval,True,stop,6827.11845,609,a2c41f58fefec7fe69a879a8f4b7b29b445b7b13347b1b9939ea2031ab969ac4
12b,off_a,mbpp-032,mbpp,True,stop,1147.268025,83,fcfb86832395906e0a7afa199b5dde9c1532622e57ce6e124add21a7deb91775
12b,off_a,gsm8k-051,gsm8k,True,stop,2403.107696,207,46fe71912cee8adcfcb486ec23d0c17811c19ba7b7ab3a4b3f991f79b036641b
12b,off_a,mmlu_pro-008,mmlu_pro,False,stop,238.950009,5,e192490fee64ad593d0794e211855b9bb10e590dbd903c73641084fcd6da0256
12b,off_a,mbpp-026,mbpp,True,stop,496.957699,32,1eff8d615c97e43bbb5c5e6e0c1b9cb9d32ad7b206ef6c1509b6e2ff26e466b0
12b,off_a,mbpp-033,mbpp,False,length,5760.241384,512,2f87c1ba282dbaf3ae9be88861a9c0035d116d0fe7807fc8a3a77b531e84fe53
12b,off_a,mbpp-014,mbpp,False,stop,1610.288807,125,8a5d69912c8ae98d73578125e9d2943406de5fdc9ed1bdef133dc156a9f49f77
12b,off_a,mbpp-024,mbpp,True,stop,1432.698593,112,b42cb8d8b8c4c6c776acef83a162602787f6f3e55b088001a714efc2775995e8
12b,off_a,mmlu_pro-019,mmlu_pro,False,stop,248.58458,5,2b811e58a6e1fde6992eb1ffe81c5357d5db8e2e33099f28d9e9b0d6f756ed0b
12b,off_a,mmlu_pro-032,mmlu_pro,True,stop,228.617502,5,e192490fee64ad593d0794e211855b9bb10e590dbd903c73641084fcd6da0256
12b,off_a,mmlu_pro-034,mmlu_pro,False,stop,214.098244,5,383107968fb4dbad920fba520520a41a0449a7214bbf4a8288643187983af7c9
12b,off_a,mbpp-019,mbpp,True,stop,860.924944,67,ac46b4ce52d9f8bd8d5a21d83cf619f023107114565017d7853ad717338453d9
12b,off_a,gsm8k-025,gsm8k,True,stop,2279.397083,195,4fb84d6a3474915a8e7f0a718f6767645600c58aaa02fad4596c100f2a87a2c2
12b,off_a,mbpp-039,mbpp,True,stop,2629.719836,225,8124d5a0252c56a10b9350a9bfd7456ac0eb7c5386b09b9cc09c4201d4192c61
12b,off_a,ifeval-039,ifeval,True,stop,734.803922,54,086eb168d6329cb1173a95a41f5b0bac87ca0fb50e2ef149935daa5f4a7569a4
12b,off_a,gsm8k-018,gsm8k,True,stop,1527.630189,134,96cc5d3773dd9eb49db937641cacc0deee91bb52a8c7114dca48a99d75a4d673
12b,off_a,ifeval-026,ifeval,True,stop,1949.473602,172,5f8beab45650bf04f79238ef42ec145359c02f6ad5c35217e6432454ba9a9e60
12b,off_a,gsm8k-009,gsm8k,False,length,5740.065545,512,9a9b074e4f998080e1b3c37d5c0244bce8323495f4761e4ecb65278b1a1dcd61
12b,off_a,mmlu_pro-020,mmlu_pro,False,stop,305.264164,5,f246277cc5248bc3d0e34f18c1e51dbf384b76ba4bc05357a5783df373eefa83
12b,off_a,mmlu_pro-021,mmlu_pro,False,stop,233.848372,5,e7e621df907fc16c9b06df06caf0acd9c4800660de102246b77df7a00426983a
12b,off_a,mmlu_pro-013,mmlu_pro,True,stop,211.664496,5,0b881d9aefb8729ec3519b9fc950d22641f552cae9e7b7c3d836e5049ae2a6eb
12b,off_a,mmlu_pro-042,mmlu_pro,False,stop,213.567845,5,e7e621df907fc16c9b06df06caf0acd9c4800660de102246b77df7a00426983a
12b,off_a,mmlu_pro-057,mmlu_pro,True,stop,292.768822,5,f246277cc5248bc3d0e34f18c1e51dbf384b76ba4bc05357a5783df373eefa83
12b,off_a,mbpp-035,mbpp,True,stop,483.216291,26,70317dac83bec3cbdab62623c76ea12c1ae182e6aa28d37972c34b39a12f5b91
12b,off_a,mmlu_pro-039,mmlu_pro,True,stop,189.848112,5,0b881d9aefb8729ec3519b9fc950d22641f552cae9e7b7c3d836e5049ae2a6eb
12b,off_a,gsm8k-040,gsm8k,True,stop,2661.430911,236,6c515d087b9388939b23d29fed0837c1861e8de60ce2489d1c6100f3472bb48f
12b,off_a,ifeval-014,ifeval,True,stop,6231.365032,557,251953365d05e1582bdc4719aab7891aef1745b521d302b8855fc8e29dfea502
12b,off_a,mmlu_pro-058,mmlu_pro,False,stop,287.496841,5,79c14ef69b8803008a7947090ee9d8b4065c49bc1b60dd0d647e9b27f2aac0bd
12b,off_a,mmlu_pro-011,mmlu_pro,False,stop,219.064481,5,7f12398eab61eabfade2a1506d641f27c6035a371dd16cf1e5bbce8ac82b36d3
12b,off_a,mmlu_pro-056,mmlu_pro,True,stop,202.625926,5,e192490fee64ad593d0794e211855b9bb10e590dbd903c73641084fcd6da0256
12b,off_a,gsm8k-029,gsm8k,True,stop,1124.679886,92,07f0fae1d4034a4190791cc4b072fd1b96bcf5eda8ada1033de5327728a67f7c
12b,off_a,ifeval-003,ifeval,True,stop,3307.831773,296,6494d0d8ed1b0e7e4fdf4634e0a292e4f3017dfcca8dc3805362fcd955090ae8
12b,off_a,mmlu_pro-005,mmlu_pro,False,stop,260.605666,5,75a8382d1f0eeb8ade3ff32fd5d253d6d61f5569a8c8c7a7f2fa4e891b73e012
12b,off_a,gsm8k-053,gsm8k,True,stop,2102.218539,177,3d67e2bc89b04a79289eec0d32ce607db6a273d080c15b29e29e4592e8b3187e
12b,off_a,mmlu_pro-007,mmlu_pro,True,stop,267.064543,5,e192490fee64ad593d0794e211855b9bb10e590dbd903c73641084fcd6da0256
12b,off_a,mbpp-006,mbpp,True,stop,2560.880906,217,35f9ffb4dea66ec35bd0ff44f137b42fb27f632adeb149532777c6056a64070c
12b,off_a,mmlu_pro-028,mmlu_pro,True,stop,212.197243,5,2b811e58a6e1fde6992eb1ffe81c5357d5db8e2e33099f28d9e9b0d6f756ed0b
12b,off_a,mbpp-008,mbpp,True,stop,553.832421,37,b9c3891975dc17ad1c5ddeedb3e45f00247bb080fa933dfed4ebc7e6ea84f63b
12b,off_a,gsm8k-058,gsm8k,True,stop,2775.763082,240,99d365e8a9650ebfcd910d154ed28e03dcc08f459070b1e13e133d61c3b431bc
12b,off_a,gsm8k-003,gsm8k,True,stop,3079.892107,268,be64ba7f3272d52b849d4dba01e062b1caaa3db4c0fa16d8126806b33fd3f4d0
12b,off_a,gsm8k-043,gsm8k,True,stop,2361.586616,204,56663fb4c6274789a57ab324a448364f5fa038afa43f219c8bc2525ea9a22436
12b,off_a,mbpp-009,mbpp,True,stop,513.360154,35,ad9ff67b01f4e5f48066d4817eace7744ba392c54191d7f4d5c24390cf24de97
12b,off_a,mmlu_pro-014,mmlu_pro,True,stop,202.28363,5,0b881d9aefb8729ec3519b9fc950d22641f552cae9e7b7c3d836e5049ae2a6eb
12b,off_a,gsm8k-024,gsm8k,True,stop,1951.789853,167,7b303eb2163a4b2be524a68a244fc231101723747e704cabec7746860bbe5bdf
12b,off_a,mbpp-031,mbpp,False,stop,598.398683,42,a2db76a2318f4704d0db715bf20bdb9d7e5b4eac8936f3f8a3dc8678d9fc7055
12b,off_a,gsm8k-056,gsm8k,True,stop,2675.459166,235,dc04e562a5c320973bf96c19e079ff01880bcaed75c9dbb592d751356c79a203
12b,off_a,mmlu_pro-030,mmlu_pro,True,stop,181.539722,5,7f12398eab61eabfade2a1506d641f27c6035a371dd16cf1e5bbce8ac82b36d3
12b,off_a,mmlu_pro-025,mmlu_pro,True,stop,256.994512,5,e7e621df907fc16c9b06df06caf0acd9c4800660de102246b77df7a00426983a
12b,off_a,mbpp-037,mbpp,True,stop,746.789133,46,b0d87a4f246ab0c8abbec4db556c2753bbc57afbbd24e7a4946f2e333bf0144d
12b,off_a,gsm8k-012,gsm8k,True,stop,1892.887405,163,41ec1d517b516d49e39be48f3739297dd2df8cb870f4ac16d3b712ca6f63dfaa
12b,off_a,mbpp-020,mbpp,True,stop,555.225438,39,b9fbb54da04dac4530d79e61d7c731421a6d495890c45f2ae532364223540357
12b,off_a,ifeval-016,ifeval,False,stop,141.758065,3,756323b169728673341620db9f90fdab034169535fd52280c13cc5af618f5593
12b,off_a,gsm8k-020,gsm8k,True,stop,1678.403753,148,ba2befc21176293907ec2785d39b42885eaef45a24585c776bb10ec0fe6cc0c4
12b,off_a,gsm8k-011,gsm8k,True,stop,1528.620619,130,d17dacf57b5b5507c23a073403af09694753b4e984664555688ea7db26b22519
12b,off_a,mmlu_pro-054,mmlu_pro,False,stop,175.43176,5,e7e621df907fc16c9b06df06caf0acd9c4800660de102246b77df7a00426983a
12b,off_a,mmlu_pro-041,mmlu_pro,True,stop,212.521741,5,e192490fee64ad593d0794e211855b9bb10e590dbd903c73641084fcd6da0256
12b,off_a,gsm8k-019,gsm8k,True,stop,2369.545214,203,b108b0f9d3868ecf4e470213bbc79f918c120d354e6ef1db030f81bb609fe4e3
12b,off_a,mmlu_pro-033,mmlu_pro,True,stop,182.848559,5,79c14ef69b8803008a7947090ee9d8b4065c49bc1b60dd0d647e9b27f2aac0bd
12b,off_a,mbpp-025,mbpp,True,stop,592.859635,45,5bc7dc345c8f66e2cacca607b7d650abaaf5bb072848c0570569863e240c2e29
12b,off_a,mmlu_pro-029,mmlu_pro,True,stop,224.351224,5,0b881d9aefb8729ec3519b9fc950d22641f552cae9e7b7c3d836e5049ae2a6eb
12b,off_a,mmlu_pro-009,mmlu_pro,True,stop,249.436526,5,7f12398eab61eabfade2a1506d641f27c6035a371dd16cf1e5bbce8ac82b36d3
12b,off_b,ifeval-011,ifeval,True,stop,516.946139,43,5aff68f94fe9af9cb729203b5da84398e660105926e4a2fe51acc9cd7d54d4cb
12b,off_b,gsm8k-008,gsm8k,True,stop,2212.211423,193,d11d562f0d972de009bf9b4d9a4e75db552bf059d3ea2ccd6b82ccfdd587168e
12b,off_b,mmlu_pro-035,mmlu_pro,True,stop,220.939829,5,7f12398eab61eabfade2a1506d641f27c6035a371dd16cf1e5bbce8ac82b36d3
12b,off_b,ifeval-025,ifeval,True,stop,5391.69471,480,e2bc306df2c511b7714942ed5ee8c809d73af5bd45acd0e30371a04d96f0d3b0
12b,off_b,gsm8k-055,gsm8k,True,stop,2302.731558,196,85ed74d946cad5f2fb923f05dabcc5528b3fb69d917c72291f57ccf99d28e6f7
12b,off_b,ifeval-027,ifeval,True,stop,6806.903435,609,a2c41f58fefec7fe69a879a8f4b7b29b445b7b13347b1b9939ea2031ab969ac4
12b,off_b,ifeval-031,ifeval,False,stop,1350.21627,109,4b2b07ffde38a8641f5ecb46263420580f25c542777868fed0837ea9d21dc4fd
12b,off_b,gsm8k-049,gsm8k,True,stop,1653.010266,143,c5ab262e6075d45c6f8130bb326c6be4da67379393be73afdbb5be3b4c943d32
12b,off_b,gsm8k-046,gsm8k,True,stop,1849.066282,161,df722782bad0a68763109b4603f87d14b5e170d21f7dcf247535fa2af7e41101
12b,off_b,gsm8k-040,gsm8k,True,stop,2705.442068,236,6c515d087b9388939b23d29fed0837c1861e8de60ce2489d1c6100f3472bb48f
12b,off_b,gsm8k-000,gsm8k,True,stop,1339.739659,112,d2a2ce301323a3d93915f9da59e0ccde89d44815d10d86e0bf87b53f6c044542
12b,off_b,mmlu_pro-019,mmlu_pro,False,stop,216.615359,5,2b811e58a6e1fde6992eb1ffe81c5357d5db8e2e33099f28d9e9b0d6f756ed0b
12b,off_b,ifeval-037,ifeval,True,stop,7541.936989,675,3cf8aafd04f59d0935e287354e0a68c67c2ea320e0127d271718984f9696d940
12b,off_b,gsm8k-024,gsm8k,True,stop,2015.702512,167,7b303eb2163a4b2be524a68a244fc231101723747e704cabec7746860bbe5bdf
12b,off_b,mmlu_pro-039,mmlu_pro,True,stop,180.548416,5,0b881d9aefb8729ec3519b9fc950d22641f552cae9e7b7c3d836e5049ae2a6eb
12b,off_b,mbpp-013,mbpp,True,stop,415.658759,28,4df63423cb4c04c28d5305e7cc592e14020ebdb226133841cd882a53ddf5b8b2
12b,off_b,mbpp-034,mbpp,True,stop,762.447985,60,65206c7abcc848ae14d11c7f6a17f4a2a858796540372c51156ab4bedab81d65
12b,off_b,mmlu_pro-042,mmlu_pro,False,stop,235.863822,5,e7e621df907fc16c9b06df06caf0acd9c4800660de102246b77df7a00426983a
12b,off_b,mmlu_pro-025,mmlu_pro,True,stop,282.836745,5,e7e621df907fc16c9b06df06caf0acd9c4800660de102246b77df7a00426983a
12b,off_b,mmlu_pro-048,mmlu_pro,False,stop,265.099157,5,e192490fee64ad593d0794e211855b9bb10e590dbd903c73641084fcd6da0256
12b,off_b,ifeval-015,ifeval,True,stop,1285.269126,109,967001387bcb1cebebfdf692e8d1b20de212afc5b8475212a832d87ea4585cc1
12b,off_b,ifeval-036,ifeval,True,stop,1199.712059,102,9a73d9e908393e287dd206bb2b41d85be43d9ba512af823545e713733b72012e
12b,off_b,mbpp-005,mbpp,True,stop,4336.930864,377,b0374e3f9a18a2d8f841a494701b42dabb81cadbfa2deedcdcc2fcc611bef57c
12b,off_b,mmlu_pro-044,mmlu_pro,True,stop,328.221976,5,e7e621df907fc16c9b06df06caf0acd9c4800660de102246b77df7a00426983a
12b,off_b,gsm8k-028,gsm8k,True,stop,1873.050294,161,e5a1424f4560cad8ccff50334e164b49f008309fae760cd1561cc0f91a1781c1
12b,off_b,gsm8k-035,gsm8k,True,stop,5565.407788,494,922d6bbc4f295c621be50a7eb2ee02dca79841abc1317fc272ee02c6c16d2874
12b,off_b,gsm8k-002,gsm8k,True,stop,4300.267323,374,f7a7cbd1949f0458cc85c29aa55c01dd09f5b11b9c633e8d3712249b536ac735
12b,off_b,mmlu_pro-057,mmlu_pro,True,stop,336.48568,5,f246277cc5248bc3d0e34f18c1e51dbf384b76ba4bc05357a5783df373eefa83
12b,off_b,mbpp-002,mbpp,True,stop,414.188403,20,06656aea3e5d36d758091598f861a450b00ae765dc4353b0817442bf438956ec
12b,off_b,mbpp-027,mbpp,True,stop,890.67946,66,c113ae17a302d1fd851d7a78dbfa687df73adf25301e048d21b7431c16659497
12b,off_b,ifeval-024,ifeval,True,stop,1640.582679,136,24210b164c622848fdaee9901430ed73bb17a57f1dcae0f8aeb0374eb2fd4cc9
12b,off_b,mbpp-038,mbpp,True,stop,738.883923,56,9d32bf8ec3a60d064d92722ee54882cf4ab20d7f501c8938357b484291e640b7
12b,off_b,gsm8k-043,gsm8k,True,stop,2334.212166,204,56663fb4c6274789a57ab324a448364f5fa038afa43f219c8bc2525ea9a22436
12b,off_b,gsm8k-053,gsm8k,True,stop,2068.060524,177,3d67e2bc89b04a79289eec0d32ce607db6a273d080c15b29e29e4592e8b3187e
12b,off_b,ifeval-012,ifeval,True,stop,4642.286028,414,a935adfb8d811be0eb412f4483161925825185b2c20297707cf3517b733ec7d0
12b,off_b,gsm8k-051,gsm8k,True,stop,2408.129518,207,46fe71912cee8adcfcb486ec23d0c17811c19ba7b7ab3a4b3f991f79b036641b
12b,off_b,gsm8k-011,gsm8k,True,stop,1528.612556,130,d17dacf57b5b5507c23a073403af09694753b4e984664555688ea7db26b22519
12b,off_b,mmlu_pro-021,mmlu_pro,False,stop,198.705425,5,e7e621df907fc16c9b06df06caf0acd9c4800660de102246b77df7a00426983a
12b,off_b,mbpp-014,mbpp,False,stop,1575.658078,125,8a5d69912c8ae98d73578125e9d2943406de5fdc9ed1bdef133dc156a9f49f77
12b,off_b,gsm8k-021,gsm8k,True,stop,2118.22884,179,d455f0370b9d85bab32e95265a1d003cd0a5f7c72a6a066bef480b13fd9e0060
12b,off_b,mbpp-031,mbpp,False,stop,583.685976,42,a2db76a2318f4704d0db715bf20bdb9d7e5b4eac8936f3f8a3dc8678d9fc7055
12b,off_b,mbpp-018,mbpp,True,stop,2977.952931,259,168672a176461ac4ea16304df679fb8bf3d9d9ab86c08ceae5ae3846cae78223
12b,off_b,mbpp-021,mbpp,True,stop,3110.461354,267,b5ad8d7a501a14ab4950cca5ef6a768cbaa0536fbc583bcb8e128596c9978022
12b,off_b,gsm8k-038,gsm8k,False,stop,3206.66828,280,0ab8a9bb9fa6d8bff4ebe58212e004078b9b5d2f446a20aa753a8c50c4ae3720
12b,off_b,gsm8k-020,gsm8k,True,stop,1754.529463,148,ba2befc21176293907ec2785d39b42885eaef45a24585c776bb10ec0fe6cc0c4
12b,off_b,mbpp-020,mbpp,True,stop,565.348107,39,b9fbb54da04dac4530d79e61d7c731421a6d495890c45f2ae532364223540357
12b,off_b,mmlu_pro-013,mmlu_pro,True,stop,208.514524,5,0b881d9aefb8729ec3519b9fc950d22641f552cae9e7b7c3d836e5049ae2a6eb
12b,off_b,mmlu_pro-038,mmlu_pro,True,stop,190.972833,5,7f12398eab61eabfade2a1506d641f27c6035a371dd16cf1e5bbce8ac82b36d3
12b,off_b,gsm8k-015,gsm8k,True,stop,2154.224053,187,4fc34790d6c11cce663ec2b12aab55346e0fac4a024addc360224a5c7c53f82a
12b,off_b,mmlu_pro-055,mmlu_pro,False,stop,209.822377,5,79c14ef69b8803008a7947090ee9d8b4065c49bc1b60dd0d647e9b27f2aac0bd
12b,off_b,mbpp-024,mbpp,True,stop,1369.439998,112,b42cb8d8b8c4c6c776acef83a162602787f6f3e55b088001a714efc2775995e8
12b,off_b,mmlu_pro-034,mmlu_pro,False,stop,215.185243,5,383107968fb4dbad920fba520520a41a0449a7214bbf4a8288643187983af7c9
12b,off_b,mmlu_pro-010,mmlu_pro,True,stop,249.169915,5,79c14ef69b8803008a7947090ee9d8b4065c49bc1b60dd0d647e9b27f2aac0bd
12b,off_b,mmlu_pro-040,mmlu_pro,False,stop,267.098034,5,2b811e58a6e1fde6992eb1ffe81c5357d5db8e2e33099f28d9e9b0d6f756ed0b
12b,off_b,mmlu_pro-007,mmlu_pro,True,stop,241.696256,5,e192490fee64ad593d0794e211855b9bb10e590dbd903c73641084fcd6da0256
12b,off_b,ifeval-023,ifeval,True,stop,2781.148297,240,98976f5199ead80af9c8916229572be50afd0d91c3272e17bbb8952160caa700
12b,off_b,mbpp-009,mbpp,True,stop,500.059131,35,ad9ff67b01f4e5f48066d4817eace7744ba392c54191d7f4d5c24390cf24de97
12b,off_b,ifeval-009,ifeval,True,length,8536.025983,768,e124e43dc33028f51c57fe48db268350dc677c1a1a1c98c3784f8ccfc292a478
12b,off_b,gsm8k-054,gsm8k,True,stop,3263.746183,280,54b3e3ef09726d261d1e4b01c284e0484da06616ad88aaedfb529a2c99a18f89
12b,off_b,mmlu_pro-032,mmlu_pro,True,stop,265.585632,5,e192490fee64ad593d0794e211855b9bb10e590dbd903c73641084fcd6da0256
12b,off_b,gsm8k-003,gsm8k,True,stop,3088.935958,268,be64ba7f3272d52b849d4dba01e062b1caaa3db4c0fa16d8126806b33fd3f4d0
12b,off_b,gsm8k-023,gsm8k,True,stop,4055.309716,355,0f2d676c69773f8b25b919a6041eb303e4c3363a025764e5155e31a03cb5a82d
12b,off_b,mmlu_pro-029,mmlu_pro,True,stop,250.644315,5,0b881d9aefb8729ec3519b9fc950d22641f552cae9e7b7c3d836e5049ae2a6eb
12b,off_b,gsm8k-001,gsm8k,True,stop,3176.806356,278,9a10eec46b018993da0c9c29af703c0dff9520226b792a01262d170d226df54e
12b,off_b,mbpp-008,mbpp,True,stop,571.330816,37,b9c3891975dc17ad1c5ddeedb3e45f00247bb080fa933dfed4ebc7e6ea84f63b
12b,off_b,mmlu_pro-017,mmlu_pro,False,stop,249.322208,5,75a8382d1f0eeb8ade3ff32fd5d253d6d61f5569a8c8c7a7f2fa4e891b73e012
12b,off_b,mbpp-011,mbpp,True,stop,770.127239,56,a73e4c15113564e76156ef2c16127b59f92a6662bcb81b51bf4d59bca113a896
12b,off_b,mmlu_pro-018,mmlu_pro,False,stop,277.203579,5,2b811e58a6e1fde6992eb1ffe81c5357d5db8e2e33099f28d9e9b0d6f756ed0b
12b,off_b,gsm8k-037,gsm8k,True,stop,4994.653008,438,ca6b5cc5750f78aba208ee6cee90246bcdd7b57fccee0e5a3deafbfe12686703
12b,off_b,gsm8k-057,gsm8k,True,stop,2575.157885,218,038e92c46ad335e219439c49d30f5a766deb0a68b454ade202c575e8fc8f7bdf
12b,off_b,mbpp-029,mbpp,True,stop,739.005108,57,ffe7a6489e15ea5468f70eda228859660412f367ee69980ee17ac1bbd2ff82a3
12b,off_b,mmlu_pro-016,mmlu_pro,True,stop,176.722995,5,0b881d9aefb8729ec3519b9fc950d22641f552cae9e7b7c3d836e5049ae2a6eb
12b,off_b,ifeval-004,ifeval,True,stop,8060.988885,723,df4e93d414993905109a78909a305984c984a35514799f95f57d0eb8589e837d
12b,off_b,gsm8k-047,gsm8k,True,stop,1696.289583,139,96ae33cec934fb5b745bdae65df87a925575174796b72420de97720a55df5f22
12b,off_b,gsm8k-059,gsm8k,True,stop,3145.554877,278,620d7dc3ec1fae915107b50521a5168eda9e0f363dd14586a6ff483646526fd0
12b,off_b,ifeval-005,ifeval,True,stop,3955.45299,349,f3b628124e9bbdc2c5f4893d328410030a1e21a59dcf8c45e1162c0c48eae084
12b,off_b,mmlu_pro-000,mmlu_pro,False,stop,263.416596,5,2b811e58a6e1fde6992eb1ffe81c5357d5db8e2e33099f28d9e9b0d6f756ed0b
12b,off_b,gsm8k-052,gsm8k,True,stop,3229.468802,282,2b96b036d42e9f358d7aa24edf13e5a894b5aa159c904f6bc906bb52ff657f42
12b,off_b,gsm8k-042,gsm8k,True,stop,2003.869441,171,de84d62585e2b2405e6ff0deabf5247b7f0da493cb8469741b92fe5a7e5edb4a
12b,off_b,mmlu_pro-031,mmlu_pro,True,stop,176.365338,5,2b811e58a6e1fde6992eb1ffe81c5357d5db8e2e33099f28d9e9b0d6f756ed0b
12b,off_b,mbpp-016,mbpp,False,length,5759.508006,512,a52b54b5b07b661c734dbdd1866828f23d7235a4d3da9c76108dc39383251392
12b,off_b,ifeval-006,ifeval,True,stop,1019.838953,76,3664600c8f424da0fb936225737799f3e9dea297398b545dd1042dc385b21d0a
12b,off_b,mmlu_pro-003,mmlu_pro,True,stop,214.492429,5,0b881d9aefb8729ec3519b9fc950d22641f552cae9e7b7c3d836e5049ae2a6eb
12b,off_b,gsm8k-009,gsm8k,False,length,5770.930119,512,9a9b074e4f998080e1b3c37d5c0244bce8323495f4761e4ecb65278b1a1dcd61
12b,off_b,mmlu_pro-037,mmlu_pro,False,stop,257.621746,5,f246277cc5248bc3d0e34f18c1e51dbf384b76ba4bc05357a5783df373eefa83
12b,off_b,ifeval-010,ifeval,False,stop,3971.155436,350,ab4bdda56c557c96621d2aa422b10fe574c04bf10e09e82d67203e4dbed51201
12b,off_b,ifeval-020,ifeval,True,stop,3651.25775,322,4b5a8b05796b1590e64b5399cccd2c7711d4d50d3d07d1805660b30c321adaec
12b,off_b,mmlu_pro-026,mmlu_pro,True,stop,212.460266,5,383107968fb4dbad920fba520520a41a0449a7214bbf4a8288643187983af7c9
12b,off_b,mbpp-007,mbpp,True,stop,3498.063538,308,ca0875e92228093d83135689b78699d0b30ce70d0cb657d6853e3518f18bedf3
12b,off_b,mmlu_pro-028,mmlu_pro,True,stop,219.635656,5,2b811e58a6e1fde6992eb1ffe81c5357d5db8e2e33099f28d9e9b0d6f756ed0b
12b,off_b,mmlu_pro-043,mmlu_pro,True,stop,176.898996,5,e192490fee64ad593d0794e211855b9bb10e590dbd903c73641084fcd6da0256
12b,off_b,gsm8k-039,gsm8k,True,stop,5370.69501,480,fb32d7098fa115574a80ddd93ed832a6c4fe499d3ac99571da234f7c4904e76d
12b,off_b,mmlu_pro-027,mmlu_pro,True,stop,238.938717,5,f246277cc5248bc3d0e34f18c1e51dbf384b76ba4bc05357a5783df373eefa83
12b,off_b,ifeval-018,ifeval,True,stop,5376.237347,481,2357b8615bf680f4be152e57f23e764086c9b033d06c42f16b4d396ebb71a962
12b,off_b,ifeval-016,ifeval,False,stop,178.691929,3,756323b169728673341620db9f90fdab034169535fd52280c13cc5af618f5593
12b,off_b,ifeval-039,ifeval,True,stop,645.697319,54,086eb168d6329cb1173a95a41f5b0bac87ca0fb50e2ef149935daa5f4a7569a4
12b,off_b,ifeval-033,ifeval,True,stop,577.68892,46,ff10fc13366f0c80b7faeff17ab8b35b3281937a10c234f26203e6429c107ea1
12b,off_b,ifeval-014,ifeval,True,stop,6183.33688,557,251953365d05e1582bdc4719aab7891aef1745b521d302b8855fc8e29dfea502
12b,off_b,gsm8k-012,gsm8k,True,stop,1928.667452,163,41ec1d517b516d49e39be48f3739297dd2df8cb870f4ac16d3b712ca6f63dfaa
12b,off_b,ifeval-002,ifeval,True,stop,1769.499931,153,28976e5147f9629b0d15ee959f0827c86fbbe3a652f658475c5f74895efdbd1e
12b,off_b,gsm8k-018,gsm8k,True,stop,1538.228505,134,96cc5d3773dd9eb49db937641cacc0deee91bb52a8c7114dca48a99d75a4d673
12b,off_b,mbpp-030,mbpp,True,stop,2041.273441,172,408433a638513305bfd2fc3694105d54d393a56f1565fa5566678614bfd1acc6
12b,off_b,mbpp-025,mbpp,True,stop,660.637909,45,5bc7dc345c8f66e2cacca607b7d650abaaf5bb072848c0570569863e240c2e29
12b,off_b,gsm8k-033,gsm8k,True,stop,3163.279513,277,13234854a09ec901a761b20b2afdc4230acacc5b676c45dc0ae009c891d2ca57
12b,off_b,mmlu_pro-049,mmlu_pro,False,stop,245.917933,5,7f12398eab61eabfade2a1506d641f27c6035a371dd16cf1e5bbce8ac82b36d3
12b,off_b,mbpp-015,mbpp,True,stop,408.519539,24,eee918b4317d18580849bd33e3360e3eb0ba64663317e98e1b2cbe720fa691f6
12b,off_b,ifeval-008,ifeval,False,stop,2196.44265,193,b74f051155611197fdaa905fc1359874a45d5e79b8ce824f833f65806d41dba6
12b,off_b,gsm8k-006,gsm8k,True,stop,1995.120011,172,d7f2798e62f243feaf28a2295d563fbc47895100fec96776cfd4d90876e120ec
12b,off_b,mbpp-037,mbpp,True,stop,649.591262,46,b0d87a4f246ab0c8abbec4db556c2753bbc57afbbd24e7a4946f2e333bf0144d
12b,off_b,mmlu_pro-036,mmlu_pro,True,stop,202.866772,5,79c14ef69b8803008a7947090ee9d8b4065c49bc1b60dd0d647e9b27f2aac0bd
12b,off_b,ifeval-028,ifeval,True,stop,5770.138462,517,3af8edfa689f1a7de31fa1adb850ee30dad93f7891c65a2d0e3682447d0d1300
12b,off_b,mbpp-035,mbpp,True,stop,460.153612,26,70317dac83bec3cbdab62623c76ea12c1ae182e6aa28d37972c34b39a12f5b91
12b,off_b,mmlu_pro-014,mmlu_pro,True,stop,224.311306,5,0b881d9aefb8729ec3519b9fc950d22641f552cae9e7b7c3d836e5049ae2a6eb
12b,off_b,mmlu_pro-058,mmlu_pro,False,stop,248.658728,5,79c14ef69b8803008a7947090ee9d8b4065c49bc1b60dd0d647e9b27f2aac0bd
12b,off_b,gsm8k-004,gsm8k,True,stop,1729.079671,147,37ded3bbd709e34262192a50410561aaf27965b82bc91c8bd415e4eedd653db0
12b,off_b,ifeval-021,ifeval,True,stop,2111.299429,184,5cd70933468637bdd552b68e82939aacbfefd63a767665e3b53c77b64fe4a72f
12b,off_b,ifeval-034,ifeval,True,stop,2694.930279,237,f8e04a4e666d4f600971a3122a3aa307e23df6428a3560851a9f21d64f8ea464
12b,off_b,mmlu_pro-041,mmlu_pro,True,stop,237.129176,5,e192490fee64ad593d0794e211855b9bb10e590dbd903c73641084fcd6da0256
12b,off_b,gsm8k-048,gsm8k,True,stop,2423.340135,206,316074cc7979523488330cea3c1f3e96909d0cc7b9ec7a0e944e825574eb7957
12b,off_b,gsm8k-013,gsm8k,True,stop,1859.413801,158,c29bd7d9f06f755e872573cd736ce490953e702d13a1d01a7f4ea69984afd78e
12b,off_b,ifeval-032,ifeval,False,stop,403.236619,27,57e39da020e575bf001d972fb9638e85608377ea9aa57d63a93b23c92710811d
12b,off_b,mbpp-026,mbpp,True,stop,448.397399,32,1eff8d615c97e43bbb5c5e6e0c1b9cb9d32ad7b206ef6c1509b6e2ff26e466b0
12b,off_b,mmlu_pro-045,mmlu_pro,False,stop,274.95114,5,0b881d9aefb8729ec3519b9fc950d22641f552cae9e7b7c3d836e5049ae2a6eb
12b,off_b,mmlu_pro-015,mmlu_pro,True,stop,295.893423,5,2b811e58a6e1fde6992eb1ffe81c5357d5db8e2e33099f28d9e9b0d6f756ed0b
12b,off_b,mmlu_pro-023,mmlu_pro,True,stop,234.627688,5,7f12398eab61eabfade2a1506d641f27c6035a371dd16cf1e5bbce8ac82b36d3
12b,off_b,mmlu_pro-053,mmlu_pro,False,stop,226.290371,5,f246277cc5248bc3d0e34f18c1e51dbf384b76ba4bc05357a5783df373eefa83
12b,off_b,mmlu_pro-022,mmlu_pro,True,stop,269.902856,5,75a8382d1f0eeb8ade3ff32fd5d253d6d61f5569a8c8c7a7f2fa4e891b73e012
12b,off_b,ifeval-019,ifeval,True,stop,6010.868674,530,62bb2009abcb0b341ab812183164e556418a4abc7758467e183cfca07d4afe9b
12b,off_b,gsm8k-044,gsm8k,True,stop,2399.059484,205,6ad8c4d94cb13b370c0c7b4db3b6b621bcb2b0f6cfc298becd58a0979a958750
12b,off_b,ifeval-001,ifeval,True,stop,2232.989061,194,747899a4f10a2f9e7290c048de5eed973f2dc9ed46a8759ea346eeb979523af6
12b,off_b,mmlu_pro-030,mmlu_pro,True,stop,185.693306,5,7f12398eab61eabfade2a1506d641f27c6035a371dd16cf1e5bbce8ac82b36d3
12b,off_b,mbpp-004,mbpp,False,length,5746.149541,512,b2bab8b8f43de0cd368b8c8927ee4219b7c633ee26406117ac18eb94a1b77a63
12b,off_b,gsm8k-045,gsm8k,True,stop,2185.317941,183,3a5d4ceea35b2b6939f5f58795d47279b85c3ceab266675b6b881c319907ad5a
12b,off_b,mbpp-033,mbpp,False,length,5774.283286,512,2f87c1ba282dbaf3ae9be88861a9c0035d116d0fe7807fc8a3a77b531e84fe53
12b,off_b,gsm8k-030,gsm8k,True,stop,2671.35245,224,32f65ae9462cc9f36e1496087ffb27614daf5665da5ef92791b85ba7015a5b33
12b,off_b,gsm8k-056,gsm8k,True,stop,2702.790719,235,dc04e562a5c320973bf96c19e079ff01880bcaed75c9dbb592d751356c79a203
12b,off_b,mmlu_pro-012,mmlu_pro,False,stop,317.986691,5,383107968fb4dbad920fba520520a41a0449a7214bbf4a8288643187983af7c9
12b,off_b,mmlu_pro-024,mmlu_pro,True,stop,262.528642,5,7f12398eab61eabfade2a1506d641f27c6035a371dd16cf1e5bbce8ac82b36d3
12b,off_b,gsm8k-036,gsm8k,True,stop,1938.57072,168,d0ff1598e3600e97af9a9734e88229d5efcfce238b92149c7f41af574ddce1d2
12b,off_b,mbpp-003,mbpp,True,stop,394.832264,26,2369d5861c9378ec1edd7526f1a7312ee1942a946ef1ad07c6d3816877ac5930
12b,off_b,ifeval-003,ifeval,True,stop,3311.609908,296,6494d0d8ed1b0e7e4fdf4634e0a292e4f3017dfcca8dc3805362fcd955090ae8
12b,off_b,mmlu_pro-047,mmlu_pro,True,stop,248.978571,5,f246277cc5248bc3d0e34f18c1e51dbf384b76ba4bc05357a5783df373eefa83
12b,off_b,ifeval-029,ifeval,True,stop,3782.947712,334,8ee62e13cd6a26317d678b26785457ff377dfb262ad3cbc053052f9f558f8d31
12b,off_b,gsm8k-032,gsm8k,True,stop,2802.151096,243,32820e6651fe79b72bac56df15c303c10053e3ad5b48d1d5fb310caa1e2573ea
12b,off_b,mmlu_pro-005,mmlu_pro,False,stop,246.568979,5,75a8382d1f0eeb8ade3ff32fd5d253d6d61f5569a8c8c7a7f2fa4e891b73e012
12b,off_b,ifeval-013,ifeval,True,stop,1856.899293,156,fd714d145d1c8f7015bdad611da303a0178871f6ec714f44f866190f0b8d12c3
12b,off_b,mmlu_pro-004,mmlu_pro,True,stop,247.968892,5,75a8382d1f0eeb8ade3ff32fd5d253d6d61f5569a8c8c7a7f2fa4e891b73e012
12b,off_b,mbpp-012,mbpp,True,stop,474.821003,25,88e3a231028f25a24a39fc4fb80211609502549f02a0a820d9108ccc498168d7
12b,off_b,mmlu_pro-020,mmlu_pro,False,stop,193.051798,5,f246277cc5248bc3d0e34f18c1e51dbf384b76ba4bc05357a5783df373eefa83
12b,off_b,gsm8k-010,gsm8k,True,stop,2112.867548,182,3f63ce0c1e338b14a377d0e3382211897298eb19280217c7f643227b0e87d160
12b,off_b,mbpp-010,mbpp,True,stop,2209.662407,188,f2725aae23164a920b1011f8e8433ee8796237503e7523826af80ad0df33735b
12b,off_b,gsm8k-022,gsm8k,True,stop,2866.220067,249,5b4478b445f35bbb6f1d908596f171c6f8e80f2dbb0d96130ed1155dcb213392
12b,off_b,ifeval-000,ifeval,True,stop,2372.590486,207,f3aaada56e017a783687c231f7f57eb390e74c24a5a8441f019807253d978a68
12b,off_b,mbpp-001,mbpp,True,stop,1580.678765,136,22d64486cead50263a0b44dbbe07ae02de501a4c91023bdf92eff42d266fb257
12b,off_b,mmlu_pro-052,mmlu_pro,True,stop,261.145608,5,79c14ef69b8803008a7947090ee9d8b4065c49bc1b60dd0d647e9b27f2aac0bd
12b,off_b,mmlu_pro-009,mmlu_pro,True,stop,304.431164,5,7f12398eab61eabfade2a1506d641f27c6035a371dd16cf1e5bbce8ac82b36d3
12b,off_b,mmlu_pro-051,mmlu_pro,False,stop,220.124998,5,0b881d9aefb8729ec3519b9fc950d22641f552cae9e7b7c3d836e5049ae2a6eb
12b,off_b,gsm8k-019,gsm8k,True,stop,2317.020311,203,b108b0f9d3868ecf4e470213bbc79f918c120d354e6ef1db030f81bb609fe4e3
12b,off_b,gsm8k-005,gsm8k,True,stop,2763.875287,241,8c2e7948a4967d7edb2de78d3d066b562372c25bc89d74f5cebe8c0327a5e9ec
12b,off_b,ifeval-017,ifeval,True,stop,6122.610192,547,4431f986a281079de661d35d417ec3281fad1743f3bcdc183bd85df706f8699e
12b,off_b,mmlu_pro-054,mmlu_pro,False,stop,251.97765,5,e7e621df907fc16c9b06df06caf0acd9c4800660de102246b77df7a00426983a
12b,off_b,gsm8k-007,gsm8k,True,stop,2677.60997,235,029637431c85e913957288b6b9853bab6261bdb593de497c60a4769513f7b11a
12b,off_b,mbpp-039,mbpp,True,stop,2635.440861,225,8124d5a0252c56a10b9350a9bfd7456ac0eb7c5386b09b9cc09c4201d4192c61
12b,off_b,gsm8k-025,gsm8k,True,stop,2309.278829,195,4fb84d6a3474915a8e7f0a718f6767645600c58aaa02fad4596c100f2a87a2c2
12b,off_b,gsm8k-014,gsm8k,True,stop,3456.958149,303,a16ae347fec9b6ef002e8087d332a3974e8321270c746a6263a9add3f3484033
12b,off_b,mbpp-000,mbpp,True,stop,478.382625,31,9f51484c9a5a56047ab13d4b4f31250b8eacc1660d73ccceb372fe3bf437c6e3
12b,off_b,ifeval-030,ifeval,True,stop,7132.316889,640,72ee3c65b72785ade2e0dd436c6b94846e2bbec35efc6dce283851832d2aca9a
12b,off_b,mbpp-017,mbpp,True,stop,1616.109026,131,8f9856eda2daf17f12c501208241696a0e434a4810f8964c6ed171f86daa523a
12b,off_b,mmlu_pro-033,mmlu_pro,True,stop,178.744954,5,79c14ef69b8803008a7947090ee9d8b4065c49bc1b60dd0d647e9b27f2aac0bd
12b,off_b,mbpp-006,mbpp,True,stop,2441.921579,217,35f9ffb4dea66ec35bd0ff44f137b42fb27f632adeb149532777c6056a64070c
12b,off_b,gsm8k-041,gsm8k,True,stop,1755.123328,148,3e8837662aa6cd0330ba5d006cfdb95a2b88b7351df7923ea4428f13acf3c82d
12b,off_b,mmlu_pro-002,mmlu_pro,False,stop,200.248182,5,75a8382d1f0eeb8ade3ff32fd5d253d6d61f5569a8c8c7a7f2fa4e891b73e012
12b,off_b,mmlu_pro-001,mmlu_pro,False,stop,229.60569,5,2b811e58a6e1fde6992eb1ffe81c5357d5db8e2e33099f28d9e9b0d6f756ed0b
12b,off_b,gsm8k-027,gsm8k,True,stop,4239.227704,378,255dc134d1fd6f38c35d3a96723e72e2bc5650a691ea44e81a63ee0a8ff70a71
12b,off_b,mmlu_pro-008,mmlu_pro,False,stop,281.287302,5,e192490fee64ad593d0794e211855b9bb10e590dbd903c73641084fcd6da0256
12b,off_b,mmlu_pro-011,mmlu_pro,False,stop,234.376726,5,7f12398eab61eabfade2a1506d641f27c6035a371dd16cf1e5bbce8ac82b36d3
12b,off_b,gsm8k-017,gsm8k,True,stop,1579.120224,133,b79db9dbad87d0691584fc9c3c91e9372bb366a3eede4a26930d48092e2f4416
12b,off_b,mmlu_pro-050,mmlu_pro,False,stop,204.178361,5,7f12398eab61eabfade2a1506d641f27c6035a371dd16cf1e5bbce8ac82b36d3
12b,off_b,mmlu_pro-046,mmlu_pro,False,stop,264.051583,5,44bbaa39dea1d8838a3788f80b48ef0ed54d451655d0bf526734658ec6af622f
12b,off_b,gsm8k-016,gsm8k,False,stop,2537.279385,217,ec31a30a80c0ec6e036408977689eb7a02672162c467d2fa1a3dcf314959b460
12b,off_b,gsm8k-029,gsm8k,True,stop,1121.04869,92,07f0fae1d4034a4190791cc4b072fd1b96bcf5eda8ada1033de5327728a67f7c
12b,off_b,ifeval-038,ifeval,True,stop,324.355255,22,0b5ad9d9c8203eaeb2bbacf54cb064fa547e58d753594bc948691bf93081e46e
12b,off_b,gsm8k-034,gsm8k,True,stop,4704.160866,420,ebfa05b6f6326cb8c9b8dcb13bea4d6adf9c8857c1f9948dfa667882b73528d6
12b,off_b,gsm8k-050,gsm8k,False,stop,1482.623354,121,016ef07e7112becd369393cf94cf4a75ff51710c5d876450210c7986b371a77b
12b,off_b,mbpp-019,mbpp,True,stop,851.06059,67,ac46b4ce52d9f8bd8d5a21d83cf619f023107114565017d7853ad717338453d9
12b,off_b,mmlu_pro-059,mmlu_pro,True,stop,240.658035,5,44bbaa39dea1d8838a3788f80b48ef0ed54d451655d0bf526734658ec6af622f
12b,off_b,gsm8k-058,gsm8k,True,stop,2756.986553,240,99d365e8a9650ebfcd910d154ed28e03dcc08f459070b1e13e133d61c3b431bc
12b,off_b,mmlu_pro-056,mmlu_pro,True,stop,213.547686,5,e192490fee64ad593d0794e211855b9bb10e590dbd903c73641084fcd6da0256
12b,off_b,mmlu_pro-006,mmlu_pro,True,stop,263.40273,5,383107968fb4dbad920fba520520a41a0449a7214bbf4a8288643187983af7c9
12b,off_b,gsm8k-031,gsm8k,True,stop,2718.730555,230,1eacf3d6f8042e87e73d5186d68015f43edfd8f2e3908f51529edd6481904e12
12b,off_b,ifeval-035,ifeval,True,stop,257.51035,13,8bfa9fe1f5d629c2629d34be1303c062d4a34dd748535a18459bc73603bc0c3a
12b,off_b,mbpp-023,mbpp,False,length,5723.237932,512,96cbdeeb94f12690f200d820a91420b6613ff4422f9815f4dba1ca2e681cf8e3
12b,off_b,mbpp-032,mbpp,True,stop,1165.963861,83,fcfb86832395906e0a7afa199b5dde9c1532622e57ce6e124add21a7deb91775
12b,off_b,ifeval-022,ifeval,True,stop,1471.047707,121,a24c3a1591b76a6454171340d74d91afeb50e794ad9b84c2420bf3e86c461876
12b,off_b,mbpp-028,mbpp,True,stop,438.292137,32,935a46b12d1be56832c2a572cbcfa849f01b218bb282f24708f561971ef205f1
12b,off_b,ifeval-026,ifeval,True,stop,1967.272436,172,5f8beab45650bf04f79238ef42ec145359c02f6ad5c35217e6432454ba9a9e60
12b,off_b,mbpp-036,mbpp,True,stop,509.000116,35,68f4d7589f633b92b13fefd6bef50c8c846fe1a3fe75b1a2bbc3a26e31f80c9f
12b,off_b,gsm8k-026,gsm8k,True,stop,3613.227606,320,8a3cb8dc4862b14a37594060c58d58f2434d017c5b4806bf91306822b79ee214
12b,off_b,mbpp-022,mbpp,True,stop,606.132436,36,0de54c5f0b17f075fcf6b40205e874d57cddc5d15fb264c75bb341a73617141e
12b,off_b,ifeval-007,ifeval,False,stop,668.638342,48,3e7eb239d439ecf978629114aee4e04094b231211a7419027f01c1f6dd7baa22
12b,n6,mbpp-001,mbpp,True,stop,413.486574,97,6478c8d5903e00bd0706c92d498bf39ba1aad0b762d708a3b2c1a97582c8d08e
12b,n6,gsm8k-015,gsm8k,True,stop,778.133286,187,d3a6493c283e4bd9ebefe95f37dbbd793e06b85aaf6e14d007350be4b6ecb145
12b,n6,gsm8k-048,gsm8k,True,stop,764.780912,193,0d44f4ead6dc881bf9e2bfb13981900075afc8ca267a6dc69db13ce107cc3798
12b,n6,mbpp-031,mbpp,True,stop,341.167251,42,3ec36b4c44b7233344c96c229dbf5cef458622630abd7e11bcd8eff433bc2ff5
12b,n6,mmlu_pro-014,mmlu_pro,True,stop,192.200663,5,0b881d9aefb8729ec3519b9fc950d22641f552cae9e7b7c3d836e5049ae2a6eb
12b,n6,gsm8k-012,gsm8k,True,stop,870.99755,198,9d6a9b23c4bc51cee7ecceb79d6527c964d66ba8474026bc6b026a99f40a4804
12b,n6,mmlu_pro-024,mmlu_pro,True,stop,181.702575,5,7f12398eab61eabfade2a1506d641f27c6035a371dd16cf1e5bbce8ac82b36d3
12b,n6,mbpp-010,mbpp,True,stop,941.993106,190,b6688232a7a6404810b65f1f5706f10999972fae1b04a33cd5a33fdd8138c4a3
12b,n6,mbpp-035,mbpp,True,stop,280.70685,26,70317dac83bec3cbdab62623c76ea12c1ae182e6aa28d37972c34b39a12f5b91
12b,n6,mmlu_pro-001,mmlu_pro,False,stop,239.951897,5,2b811e58a6e1fde6992eb1ffe81c5357d5db8e2e33099f28d9e9b0d6f756ed0b
12b,n6,mmlu_pro-006,mmlu_pro,True,stop,315.662473,5,383107968fb4dbad920fba520520a41a0449a7214bbf4a8288643187983af7c9
12b,n6,gsm8k-007,gsm8k,True,stop,1060.14666,235,d52b6540d3f1a4de9a934fca797b92bc8cfd425174020fd1b5b2f5ea8f2cfbf3
12b,n6,ifeval-025,ifeval,True,stop,4364.775917,569,65ec0e3e9afd258eb67f1ac98cdeeb4ae471ee88f09e21858c87b58563144450
12b,n6,mbpp-029,mbpp,True,stop,445.264458,57,ffe7a6489e15ea5468f70eda228859660412f367ee69980ee17ac1bbd2ff82a3
12b,n6,mbpp-009,mbpp,True,stop,299.328069,35,ad9ff67b01f4e5f48066d4817eace7744ba392c54191d7f4d5c24390cf24de97
12b,n6,mmlu_pro-017,mmlu_pro,False,stop,240.928749,5,75a8382d1f0eeb8ade3ff32fd5d253d6d61f5569a8c8c7a7f2fa4e891b73e012
12b,n6,mmlu_pro-012,mmlu_pro,False,stop,374.232101,5,383107968fb4dbad920fba520520a41a0449a7214bbf4a8288643187983af7c9
12b,n6,mbpp-023,mbpp,False,length,2381.611198,512,4309e4ce4d02aa5003edc613ee4607ddfa5b962bfcfad94b265b7022e9642ad0
12b,n6,gsm8k-029,gsm8k,True,stop,533.400341,92,07f0fae1d4034a4190791cc4b072fd1b96bcf5eda8ada1033de5327728a67f7c
12b,n6,mmlu_pro-034,mmlu_pro,False,stop,156.344631,5,383107968fb4dbad920fba520520a41a0449a7214bbf4a8288643187983af7c9
12b,n6,mbpp-014,mbpp,False,stop,712.39874,125,c9abde5937d40efc56e01dd1d94c6b688a3cfff0c3866a49fc66054a89c6096b
12b,n6,mmlu_pro-029,mmlu_pro,True,stop,263.822414,5,0b881d9aefb8729ec3519b9fc950d22641f552cae9e7b7c3d836e5049ae2a6eb
12b,n6,gsm8k-045,gsm8k,True,stop,754.531299,183,3a5d4ceea35b2b6939f5f58795d47279b85c3ceab266675b6b881c319907ad5a
12b,n6,ifeval-012,ifeval,True,stop,3562.272944,456,5762904624241d9e7e3b03e3f4ccc20782929b5f12a6562a8db9a74939f05292
12b,n6,mmlu_pro-049,mmlu_pro,False,stop,245.07751,5,7f12398eab61eabfade2a1506d641f27c6035a371dd16cf1e5bbce8ac82b36d3
12b,n6,mbpp-036,mbpp,True,stop,287.252325,35,68f4d7589f633b92b13fefd6bef50c8c846fe1a3fe75b1a2bbc3a26e31f80c9f
12b,n6,gsm8k-024,gsm8k,True,stop,725.249329,167,7b303eb2163a4b2be524a68a244fc231101723747e704cabec7746860bbe5bdf
12b,n6,gsm8k-002,gsm8k,True,stop,1591.942735,360,fa3efea1691a422e760b51e951a635def314a5d3d93adae2e7a733a69e8e89ab
12b,n6,mbpp-015,mbpp,True,stop,271.943393,24,eee918b4317d18580849bd33e3360e3eb0ba64663317e98e1b2cbe720fa691f6
12b,n6,gsm8k-006,gsm8k,True,stop,686.57429,172,d7f2798e62f243feaf28a2295d563fbc47895100fec96776cfd4d90876e120ec
12b,n6,ifeval-024,ifeval,True,stop,1400.656912,160,4d673f8407f0f25154f9441a7cf417af84a6b09e39cf74356597dac23bb413e8
12b,n6,gsm8k-016,gsm8k,False,stop,983.396698,225,4d7824e3dddd38cbf870d649027f23014c4338ccd13938878fa82e2c662267c3
12b,n6,mmlu_pro-055,mmlu_pro,False,stop,190.47185,5,79c14ef69b8803008a7947090ee9d8b4065c49bc1b60dd0d647e9b27f2aac0bd
12b,n6,mbpp-020,mbpp,True,stop,307.198229,39,b9fbb54da04dac4530d79e61d7c731421a6d495890c45f2ae532364223540357
12b,n6,ifeval-039,ifeval,True,stop,610.098916,54,188a0c6b2a30db6b18ea3806e46bb58c70674fa0d0d1bd92f6494689283a89e0
12b,n6,mbpp-021,mbpp,True,stop,1027.732212,267,014e59fed3fab46a175f24ddf9cdf629881cb4ae0012f0524ebb80ba08501574
12b,n6,gsm8k-005,gsm8k,True,stop,883.62344,224,eec3de3f87fee8ead079dc5e83d5e17e3f8c85e212affc077c4df5fa50fdd0ff
12b,n6,gsm8k-049,gsm8k,True,stop,602.54509,143,c5ab262e6075d45c6f8130bb326c6be4da67379393be73afdbb5be3b4c943d32
12b,n6,gsm8k-030,gsm8k,True,stop,962.522054,224,32f65ae9462cc9f36e1496087ffb27614daf5665da5ef92791b85ba7015a5b33
12b,n6,mmlu_pro-038,mmlu_pro,True,stop,225.671564,5,7f12398eab61eabfade2a1506d641f27c6035a371dd16cf1e5bbce8ac82b36d3
12b,n6,gsm8k-028,gsm8k,True,stop,668.293187,168,910b0dca5045c1829d3c960534c67736fbd31e635b23306588c96380e879d9fc
12b,n6,ifeval-005,ifeval,True,stop,1832.179541,340,b5ef83dd13358fda5dc8398c93e493d9ac04ba45b4be4a496e0d4c853b4fda55
12b,n6,mbpp-026,mbpp,True,stop,253.83299,32,1eff8d615c97e43bbb5c5e6e0c1b9cb9d32ad7b206ef6c1509b6e2ff26e466b0
12b,n6,mbpp-012,mbpp,True,stop,197.984056,25,88e3a231028f25a24a39fc4fb80211609502549f02a0a820d9108ccc498168d7
12b,n6,gsm8k-027,gsm8k,True,stop,1986.976518,458,a2cddabab15a1472a0036bc718345a507d34a9787a27c22cc8ca09d9159307f6
12b,n6,gsm8k-039,gsm8k,True,stop,1864.832467,480,fb32d7098fa115574a80ddd93ed832a6c4fe499d3ac99571da234f7c4904e76d
12b,n6,ifeval-028,ifeval,True,stop,3946.606049,462,efdca2ea17ae261d7ecf7020f6dca31a8b6c557fe0c9cf7bfebc081c4e87f6bb
12b,n6,mbpp-016,mbpp,False,length,2335.80855,512,33673d3cbb77751ab5bf1619edc135f412070ddc0c5befb227828fff9f311906
12b,n6,mbpp-004,mbpp,False,length,2655.214629,512,7ddb6db29f688fdbb0a4c2d04671e6481c5d5ef81eb49bbcf83eea805eb8632c
12b,n6,mmlu_pro-033,mmlu_pro,True,stop,217.312289,5,79c14ef69b8803008a7947090ee9d8b4065c49bc1b60dd0d647e9b27f2aac0bd
12b,n6,gsm8k-054,gsm8k,True,stop,787.322431,214,bfd4b874992a54ce81ec4d24c070b7878c4a7b69958bcb2be8b2253527934cb3
12b,n6,gsm8k-032,gsm8k,True,stop,928.199491,229,4e3b212055213fa603b43847fdf8373b56fc10d59539442b9b9849b47e40de85
12b,n6,ifeval-027,ifeval,True,stop,6037.27948,691,cee3b08e3e7b38534b6a3f36d84f9c79ce8d46cb3f59dfa820e12c9d1d0380e7
12b,n6,mmlu_pro-041,mmlu_pro,True,stop,302.010225,5,e192490fee64ad593d0794e211855b9bb10e590dbd903c73641084fcd6da0256
12b,n6,mbpp-003,mbpp,True,stop,251.721788,26,2369d5861c9378ec1edd7526f1a7312ee1942a946ef1ad07c6d3816877ac5930
12b,n6,gsm8k-026,gsm8k,True,stop,1278.229771,320,8a3cb8dc4862b14a37594060c58d58f2434d017c5b4806bf91306822b79ee214
12b,n6,mbpp-013,mbpp,True,stop,297.9472,28,4df63423cb4c04c28d5305e7cc592e14020ebdb226133841cd882a53ddf5b8b2
12b,n6,mbpp-027,mbpp,True,stop,438.47538,66,c113ae17a302d1fd851d7a78dbfa687df73adf25301e048d21b7431c16659497
12b,n6,ifeval-026,ifeval,True,stop,1976.374347,233,0ab3ab4d244ff59416c15a3403bb1c47066bf821d466980deed2133b2a2229a5
12b,n6,ifeval-011,ifeval,True,stop,481.576299,45,00bf0e4b85c065ef005c00b7577f80eb5b57cb2d49bbdd7d680c268d49b43c59
12b,n6,ifeval-036,ifeval,True,stop,916.508225,99,373090594df55c59ada7e92d553ca86b8bfaee1b5690871014977dda83aed55c
12b,n6,ifeval-015,ifeval,True,stop,877.887359,111,951d093be7b4d3042396659278df1a046727ac280e4ff84f24cbd524d5d50d76
12b,n6,ifeval-037,ifeval,True,stop,3828.833464,598,c5a71d63260d2466a077719fea89835b143250255fc34d3928621d37bf81c904
12b,n6,mbpp-005,mbpp,True,stop,1767.652993,377,b0374e3f9a18a2d8f841a494701b42dabb81cadbfa2deedcdcc2fcc611bef57c
12b,n6,mbpp-034,mbpp,True,stop,423.215345,60,65206c7abcc848ae14d11c7f6a17f4a2a858796540372c51156ab4bedab81d65
12b,n6,gsm8k-018,gsm8k,True,stop,571.330433,133,d294fa3e973f893f8f0fe39fae5c7462468ccc6bb29dde049d94ef12d2072b4f
12b,n6,mbpp-017,mbpp,False,length,2124.521577,512,1671ed87f626e09bf861f6a08b39803e569521ad23909f65abd8d209364af2f8
12b,n6,mmlu_pro-010,mmlu_pro,True,stop,331.261255,5,79c14ef69b8803008a7947090ee9d8b4065c49bc1b60dd0d647e9b27f2aac0bd
12b,n6,mmlu_pro-052,mmlu_pro,True,stop,405.566166,5,79c14ef69b8803008a7947090ee9d8b4065c49bc1b60dd0d647e9b27f2aac0bd
12b,n6,mbpp-011,mbpp,True,stop,435.880907,56,a73e4c15113564e76156ef2c16127b59f92a6662bcb81b51bf4d59bca113a896
12b,n6,gsm8k-042,gsm8k,True,stop,786.046064,168,ac8617b5e1d2983a66495243b668157e142bd78878896c0a62a22eba7db72dcd
12b,n6,mmlu_pro-040,mmlu_pro,False,stop,212.905,5,2b811e58a6e1fde6992eb1ffe81c5357d5db8e2e33099f28d9e9b0d6f756ed0b
12b,n6,mbpp-030,mbpp,True,stop,1027.721378,172,408433a638513305bfd2fc3694105d54d393a56f1565fa5566678614bfd1acc6
12b,n6,mmlu_pro-059,mmlu_pro,True,stop,271.199063,5,44bbaa39dea1d8838a3788f80b48ef0ed54d451655d0bf526734658ec6af622f
12b,n6,ifeval-016,ifeval,False,stop,139.540407,3,756323b169728673341620db9f90fdab034169535fd52280c13cc5af618f5593
12b,n6,gsm8k-023,gsm8k,True,stop,1406.183281,381,5fd68be86ad43b1f1180f32e301ecaabe7c995eaa484f27f7890e19c0e39c6d9
12b,n6,gsm8k-046,gsm8k,True,stop,768.989131,161,df722782bad0a68763109b4603f87d14b5e170d21f7dcf247535fa2af7e41101
12b,n6,mbpp-032,mbpp,True,stop,513.258569,83,fcfb86832395906e0a7afa199b5dde9c1532622e57ce6e124add21a7deb91775
12b,n6,gsm8k-037,gsm8k,False,length,2140.067753,512,d87212a88e9990948bcb0ae15dd020d5f61cb2b1ccea1646a3b9fc183d8f71bf
12b,n6,ifeval-001,ifeval,True,stop,1675.132576,191,edee3469c583ee0af21007dd06a58083e85ac7f76323359f067bdaa9c0887127
12b,n6,gsm8k-055,gsm8k,True,stop,801.46369,196,356f4f1091b97a4769a4556dcf2ddc65dc6d7891f4b0954e631c6e18f8530e54
12b,n6,mmlu_pro-035,mmlu_pro,True,stop,189.538554,5,7f12398eab61eabfade2a1506d641f27c6035a371dd16cf1e5bbce8ac82b36d3
12b,n6,ifeval-002,ifeval,True,stop,1445.508229,168,eb7804cbbadc5313a65d81f565b182035b9750d2d5e7970aa3233095e10d28bb
12b,n6,gsm8k-025,gsm8k,True,stop,782.774997,195,4fb84d6a3474915a8e7f0a718f6767645600c58aaa02fad4596c100f2a87a2c2
12b,n6,mmlu_pro-028,mmlu_pro,True,stop,231.026489,5,2b811e58a6e1fde6992eb1ffe81c5357d5db8e2e33099f28d9e9b0d6f756ed0b
12b,n6,gsm8k-052,gsm8k,True,stop,1151.199463,284,f36ddde130ae8814bca8e2df1e6d06acc83f99b864e13ecb875cbc7adacc058a
12b,n6,mmlu_pro-026,mmlu_pro,True,stop,232.909743,5,383107968fb4dbad920fba520520a41a0449a7214bbf4a8288643187983af7c9
12b,n6,mmlu_pro-050,mmlu_pro,False,stop,190.089189,5,7f12398eab61eabfade2a1506d641f27c6035a371dd16cf1e5bbce8ac82b36d3
12b,n6,mmlu_pro-023,mmlu_pro,True,stop,265.508788,5,7f12398eab61eabfade2a1506d641f27c6035a371dd16cf1e5bbce8ac82b36d3
12b,n6,ifeval-020,ifeval,True,stop,2747.907364,316,1e6fb00ced46216a6039066c973e6b65995412c1633a5009b9c427525757c811
12b,n6,gsm8k-040,gsm8k,True,stop,1002.99166,228,5ccad70a02b4311bb7978ddfc92b22036bcd6915555325c0e5dd6f9bbbbc796e
12b,n6,mmlu_pro-027,mmlu_pro,True,stop,186.888708,5,f246277cc5248bc3d0e34f18c1e51dbf384b76ba4bc05357a5783df373eefa83
12b,n6,mmlu_pro-046,mmlu_pro,False,stop,232.454595,5,44bbaa39dea1d8838a3788f80b48ef0ed54d451655d0bf526734658ec6af622f
12b,n6,gsm8k-008,gsm8k,True,stop,845.755407,196,ac688d96adb0e923b233d882fb18674a6ee6a6b1da57069b2a57b5c4f292558e
12b,n6,gsm8k-050,gsm8k,False,stop,749.409575,132,ce1da1b3b474ee053946814f8dfcdc34a9f39aabeb24bd04099b63e24b6c7e06
12b,n6,gsm8k-019,gsm8k,True,stop,791.908614,201,974f4d545ac57b9644963bb10f99ec5dc46f06dc20af250c7f2fd9b8ca5954ca
12b,n6,gsm8k-014,gsm8k,True,stop,1320.565142,303,a16ae347fec9b6ef002e8087d332a3974e8321270c746a6263a9add3f3484033
12b,n6,ifeval-022,ifeval,True,stop,1171.739248,127,7e6b891638de52b96bd56cb90f40f494f2a000c40f9343bfe8e2a302ccefa259
12b,n6,gsm8k-031,gsm8k,True,stop,1052.853899,261,1ee94f8d98550a8ee0129e3e6b9484d544c9f03c312e7a481817cb3e561c598e
12b,n6,gsm8k-051,gsm8k,True,stop,880.410442,207,46fe71912cee8adcfcb486ec23d0c17811c19ba7b7ab3a4b3f991f79b036641b
12b,n6,mmlu_pro-058,mmlu_pro,False,stop,242.161901,5,79c14ef69b8803008a7947090ee9d8b4065c49bc1b60dd0d647e9b27f2aac0bd
12b,n6,ifeval-014,ifeval,True,stop,4329.993613,553,0667319a36f4d64a1cb5345f1389e1694fdafd1a0511cd575df9f73249edff90
12b,n6,mmlu_pro-002,mmlu_pro,False,stop,234.828205,5,75a8382d1f0eeb8ade3ff32fd5d253d6d61f5569a8c8c7a7f2fa4e891b73e012
12b,n6,ifeval-023,ifeval,True,stop,2107.786535,247,e4215c29676206ca0f45c17834a2438eb27317e75f28f987d3c761d305e6b30b
12b,n6,mmlu_pro-013,mmlu_pro,True,stop,196.623692,5,0b881d9aefb8729ec3519b9fc950d22641f552cae9e7b7c3d836e5049ae2a6eb
12b,n6,gsm8k-047,gsm8k,True,stop,727.42726,139,96ae33cec934fb5b745bdae65df87a925575174796b72420de97720a55df5f22
12b,n6,mbpp-039,mbpp,False,length,1978.557185,512,415c0d6fc4f9860f2ce0864bf42125e632e713db0c429437e92b92a62234e4f2
12b,n6,ifeval-013,ifeval,True,stop,1199.117517,158,12203297ca2bc0b2e1d1dbdb5b4d9f6e7188785b814b10ab14dcc46f67a9e53d
12b,n6,mmlu_pro-031,mmlu_pro,True,stop,143.525028,5,2b811e58a6e1fde6992eb1ffe81c5357d5db8e2e33099f28d9e9b0d6f756ed0b
12b,n6,mmlu_pro-042,mmlu_pro,False,stop,221.12535,5,e7e621df907fc16c9b06df06caf0acd9c4800660de102246b77df7a00426983a
12b,n6,mmlu_pro-004,mmlu_pro,True,stop,327.462556,5,75a8382d1f0eeb8ade3ff32fd5d253d6d61f5569a8c8c7a7f2fa4e891b73e012
12b,n6,mbpp-019,mbpp,True,stop,436.438349,67,ac46b4ce52d9f8bd8d5a21d83cf619f023107114565017d7853ad717338453d9
12b,n6,mmlu_pro-037,mmlu_pro,False,stop,254.220941,5,f246277cc5248bc3d0e34f18c1e51dbf384b76ba4bc05357a5783df373eefa83
12b,n6,mmlu_pro-036,mmlu_pro,True,stop,181.754765,5,79c14ef69b8803008a7947090ee9d8b4065c49bc1b60dd0d647e9b27f2aac0bd
12b,n6,mmlu_pro-039,mmlu_pro,True,stop,143.77686,5,0b881d9aefb8729ec3519b9fc950d22641f552cae9e7b7c3d836e5049ae2a6eb
12b,n6,gsm8k-011,gsm8k,True,stop,693.273025,135,d4702a5d865ec8b68cd8a5e408811006b9b9d770d45bb6b3a1f0c5df6d969c7e
12b,n6,mmlu_pro-032,mmlu_pro,True,stop,225.656603,5,e192490fee64ad593d0794e211855b9bb10e590dbd903c73641084fcd6da0256
12b,n6,mmlu_pro-025,mmlu_pro,True,stop,320.368935,5,e7e621df907fc16c9b06df06caf0acd9c4800660de102246b77df7a00426983a
12b,n6,mbpp-025,mbpp,True,stop,782.50066,127,04d8152854e400a0156b6f48f1aa85b936c28a165e723dae54fd961848ed4799
12b,n6,mbpp-002,mbpp,True,stop,224.052442,20,06656aea3e5d36d758091598f861a450b00ae765dc4353b0817442bf438956ec
12b,n6,gsm8k-041,gsm8k,True,stop,572.983165,148,3e8837662aa6cd0330ba5d006cfdb95a2b88b7351df7923ea4428f13acf3c82d
12b,n6,ifeval-008,ifeval,False,stop,2125.345356,230,7c0cdc135522335b72ac6f340cc6a5c993fab8211f5377bea2b73180ab0dae7b
12b,n6,gsm8k-001,gsm8k,True,stop,1436.379247,309,43e5a348838bae04f5e1289c4b08e49c1cc91e2f248abe775522c845c8e98c2e
12b,n6,gsm8k-003,gsm8k,True,stop,1152.51636,271,964254ea95def67394513cc5acb9297c2dcafb423b173f4b866e6e2502d01433
12b,n6,mmlu_pro-018,mmlu_pro,False,stop,301.53768,5,2b811e58a6e1fde6992eb1ffe81c5357d5db8e2e33099f28d9e9b0d6f756ed0b
12b,n6,gsm8k-043,gsm8k,True,stop,1012.069595,204,56663fb4c6274789a57ab324a448364f5fa038afa43f219c8bc2525ea9a22436
12b,n6,mmlu_pro-053,mmlu_pro,False,stop,231.580594,5,f246277cc5248bc3d0e34f18c1e51dbf384b76ba4bc05357a5783df373eefa83
12b,n6,mmlu_pro-022,mmlu_pro,True,stop,278.199201,5,75a8382d1f0eeb8ade3ff32fd5d253d6d61f5569a8c8c7a7f2fa4e891b73e012
12b,n6,ifeval-034,ifeval,True,stop,2264.895611,260,d5dd9c4d1cebffe84db4af032ea46e13c1ba21778c2b03d7b3198b3d2c5a3641
12b,n6,ifeval-018,ifeval,True,stop,4481.397396,523,bd2f64e807ebbbafbe0d63b93acb43df393b210bc901e71ccf6f3db2f7f6f60f
12b,n6,gsm8k-036,gsm8k,True,stop,783.431589,168,d0ff1598e3600e97af9a9734e88229d5efcfce238b92149c7f41af574ddce1d2
12b,n6,gsm8k-035,gsm8k,False,length,2107.90153,512,5baa1c67edafded8a620c1b85bdfd52b27cff14fcb0e66d5df3b6c69b64b10cc
12b,n6,mmlu_pro-051,mmlu_pro,False,stop,244.797894,5,0b881d9aefb8729ec3519b9fc950d22641f552cae9e7b7c3d836e5049ae2a6eb
12b,n6,mmlu_pro-044,mmlu_pro,True,stop,223.586244,5,e7e621df907fc16c9b06df06caf0acd9c4800660de102246b77df7a00426983a
12b,n6,mmlu_pro-008,mmlu_pro,False,stop,239.340597,5,e192490fee64ad593d0794e211855b9bb10e590dbd903c73641084fcd6da0256
12b,n6,ifeval-019,ifeval,True,stop,4398.286847,498,2c98211db1f27898275f852ded7d74d28257e2a16eac3a9aecc7dd302972bee1
12b,n6,mmlu_pro-016,mmlu_pro,True,stop,224.479815,5,0b881d9aefb8729ec3519b9fc950d22641f552cae9e7b7c3d836e5049ae2a6eb
12b,n6,mmlu_pro-015,mmlu_pro,True,stop,187.139039,5,2b811e58a6e1fde6992eb1ffe81c5357d5db8e2e33099f28d9e9b0d6f756ed0b
12b,n6,gsm8k-053,gsm8k,True,stop,857.336542,177,10108e8b2c921f969bcbadedc57cd8345b75c825ded8a042d8e13117064a4e1f
12b,n6,ifeval-033,ifeval,True,stop,483.577446,46,ff10fc13366f0c80b7faeff17ab8b35b3281937a10c234f26203e6429c107ea1
12b,n6,ifeval-030,ifeval,True,stop,3401.615695,718,e58f26ea022524730d1e641b5ced4a7e9d784c44dc76aead66a8f2c4073b6a8e
12b,n6,ifeval-029,ifeval,True,stop,2836.377563,339,ceda6bcfcc4fc17496a3d14b70c2c5edac502576df1bf549264d131bfd888b72
12b,n6,gsm8k-017,gsm8k,True,stop,631.968933,133,b79db9dbad87d0691584fc9c3c91e9372bb366a3eede4a26930d48092e2f4416
12b,n6,mmlu_pro-043,mmlu_pro,True,stop,181.4163,5,e192490fee64ad593d0794e211855b9bb10e590dbd903c73641084fcd6da0256
12b,n6,ifeval-009,ifeval,True,stop,3675.452874,485,8eeec8902e6b67675fde0971f89b1ebdb84924a505032b8a0da692c57dfe797e
12b,n6,ifeval-006,ifeval,True,stop,662.960041,75,32b9ae045347d45ca4b2626a359d07cce06cf17e2f9bc035661a49fa3cf4914a
12b,n6,ifeval-032,ifeval,False,stop,327.180956,27,57e39da020e575bf001d972fb9638e85608377ea9aa57d63a93b23c92710811d
12b,n6,ifeval-035,ifeval,True,stop,167.694796,13,8bfa9fe1f5d629c2629d34be1303c062d4a34dd748535a18459bc73603bc0c3a
12b,n6,ifeval-004,ifeval,True,stop,4336.684133,728,b09d79c8123aea8e52c5ac0cf7d2a7fd6f9f500362bd179d064b6ffdad0ce24e
12b,n6,mmlu_pro-019,mmlu_pro,False,stop,328.827032,5,2b811e58a6e1fde6992eb1ffe81c5357d5db8e2e33099f28d9e9b0d6f756ed0b
12b,n6,mmlu_pro-003,mmlu_pro,False,stop,230.572863,5,7f12398eab61eabfade2a1506d641f27c6035a371dd16cf1e5bbce8ac82b36d3
12b,n6,gsm8k-034,gsm8k,True,stop,2086.36366,435,a957beecf97629e051a27ec5d3a9a2d58bb878ea56125914999229dbdacdeda1
12b,n6,mmlu_pro-020,mmlu_pro,False,stop,307.855023,5,f246277cc5248bc3d0e34f18c1e51dbf384b76ba4bc05357a5783df373eefa83
12b,n6,mmlu_pro-048,mmlu_pro,False,stop,194.226889,5,e192490fee64ad593d0794e211855b9bb10e590dbd903c73641084fcd6da0256
12b,n6,mbpp-018,mbpp,True,stop,626.887281,120,fecad9c0702cbff84bb13b78b2d823fb5b2c010ba40322ab7ce0aa96a43335de
12b,n6,gsm8k-022,gsm8k,True,stop,1051.333563,249,1c402e9f6ac703a6fe275ba5c45df10deafbb6bdaa715ab5765b81eb96afd460
12b,n6,mmlu_pro-009,mmlu_pro,True,stop,243.321554,5,7f12398eab61eabfade2a1506d641f27c6035a371dd16cf1e5bbce8ac82b36d3
12b,n6,gsm8k-057,gsm8k,True,stop,982.722759,218,038e92c46ad335e219439c49d30f5a766deb0a68b454ade202c575e8fc8f7bdf
12b,n6,gsm8k-009,gsm8k,False,length,2272.823925,512,f5ce3370f484496808968cd7bbcbb3398939c9f3d953a4c147303d767ff77127
12b,n6,mmlu_pro-047,mmlu_pro,True,stop,323.215768,5,f246277cc5248bc3d0e34f18c1e51dbf384b76ba4bc05357a5783df373eefa83
12b,n6,gsm8k-020,gsm8k,True,stop,945.746813,210,ff642802ec244479d7eb2febd3eb2e2c61b7b67f3389b8ae82c9649e5b61c6c9
12b,n6,gsm8k-044,gsm8k,True,stop,878.775567,195,486b630275c5125c5fd2351b5a345bca7a3156af03c67cc6e8aa2fa4243cf5cc
12b,n6,gsm8k-013,gsm8k,True,stop,682.578603,158,c29bd7d9f06f755e872573cd736ce490953e702d13a1d01a7f4ea69984afd78e
12b,n6,ifeval-010,ifeval,False,stop,3175.350979,363,6e048b6f385e65c10de935df14025043c0308b1f3268194896f7b4e6f30bcbd3
12b,n6,mbpp-022,mbpp,True,stop,339.795984,36,0de54c5f0b17f075fcf6b40205e874d57cddc5d15fb264c75bb341a73617141e
12b,n6,mmlu_pro-011,mmlu_pro,False,stop,248.709345,5,7f12398eab61eabfade2a1506d641f27c6035a371dd16cf1e5bbce8ac82b36d3
12b,n6,mbpp-038,mbpp,True,stop,327.908507,56,9d32bf8ec3a60d064d92722ee54882cf4ab20d7f501c8938357b484291e640b7
12b,n6,gsm8k-056,gsm8k,True,stop,923.170974,235,dc04e562a5c320973bf96c19e079ff01880bcaed75c9dbb592d751356c79a203
12b,n6,gsm8k-010,gsm8k,True,stop,755.919056,182,3f63ce0c1e338b14a377d0e3382211897298eb19280217c7f643227b0e87d160
12b,n6,mbpp-037,mbpp,True,stop,370.90738,46,b0d87a4f246ab0c8abbec4db556c2753bbc57afbbd24e7a4946f2e333bf0144d
12b,n6,mbpp-028,mbpp,True,stop,271.192465,32,935a46b12d1be56832c2a572cbcfa849f01b218bb282f24708f561971ef205f1
12b,n6,mmlu_pro-021,mmlu_pro,False,stop,232.247501,5,e7e621df907fc16c9b06df06caf0acd9c4800660de102246b77df7a00426983a
12b,n6,gsm8k-004,gsm8k,True,stop,686.398591,147,37ded3bbd709e34262192a50410561aaf27965b82bc91c8bd415e4eedd653db0
12b,n6,mmlu_pro-005,mmlu_pro,False,stop,263.119385,5,75a8382d1f0eeb8ade3ff32fd5d253d6d61f5569a8c8c7a7f2fa4e891b73e012
12b,n6,mbpp-007,mbpp,False,length,2550.011745,512,ec99ae4f7b172a449e651c65a5de426cad87d754ce34ef9dd7c574229eaa20c6
12b,n6,mbpp-006,mbpp,True,stop,1073.217452,236,5da97a94ab9b49e38717eebcc841d668eff217a3ceb4e1b68e5ea83a603f10a5
12b,n6,gsm8k-033,gsm8k,True,stop,1082.72547,277,13234854a09ec901a761b20b2afdc4230acacc5b676c45dc0ae009c891d2ca57
12b,n6,gsm8k-058,gsm8k,True,stop,1056.517319,243,3e348fd680f9ef786b19cb4b502e0b03c978f118ca8112f92064f365365102ad
12b,n6,mmlu_pro-007,mmlu_pro,True,stop,284.607505,5,e192490fee64ad593d0794e211855b9bb10e590dbd903c73641084fcd6da0256
12b,n6,ifeval-038,ifeval,True,stop,263.776607,22,0b5ad9d9c8203eaeb2bbacf54cb064fa547e58d753594bc948691bf93081e46e
12b,n6,ifeval-031,ifeval,True,stop,841.732423,111,19b59132099f3907b9a414a299f71b1c06702a91ef09f9ad8f507f40f1976b4d
12b,n6,mmlu_pro-056,mmlu_pro,True,stop,165.029275,5,e192490fee64ad593d0794e211855b9bb10e590dbd903c73641084fcd6da0256
12b,n6,mmlu_pro-045,mmlu_pro,False,stop,325.939404,5,0b881d9aefb8729ec3519b9fc950d22641f552cae9e7b7c3d836e5049ae2a6eb
12b,n6,ifeval-007,ifeval,True,stop,625.552895,49,e303c143aaf2861cdeac35be29d604bd7ce4e750eb26b3efa35a51842c608a2b
12b,n6,mmlu_pro-030,mmlu_pro,True,stop,136.355217,5,7f12398eab61eabfade2a1506d641f27c6035a371dd16cf1e5bbce8ac82b36d3
12b,n6,ifeval-017,ifeval,True,stop,4446.508306,634,b80de6a2b5668ebab7d1bdc4f8f07d74f1b1675210db9d303035b75502ab8aa2
12b,n6,mmlu_pro-054,mmlu_pro,False,stop,244.607181,5,e7e621df907fc16c9b06df06caf0acd9c4800660de102246b77df7a00426983a
12b,n6,gsm8k-059,gsm8k,True,stop,1190.64765,305,de92f67ff63dc9ba56b84014dfb373b153da6ff86dc4184f8dd67ba0c4c403d8
12b,n6,ifeval-003,ifeval,True,stop,2113.715546,267,e0b676d4e0057f2a5f00a55f4ac0d03a28195618781c9ad04f50e9575676e946
12b,n6,mbpp-024,mbpp,True,stop,943.212518,161,a5eec732a4f7300ed6899df4b2ec7a697777ad3d3adea1182e4281d731890cbd
12b,n6,gsm8k-038,gsm8k,True,stop,1371.618504,328,12e81b538de306cdf52ab72f1ebd9beb129a2c0b228a773d965b57a87443bc43
12b,n6,gsm8k-021,gsm8k,True,stop,868.574008,174,9c671170543dfc2ea44a383fd3bb5739bd1b45e92b7ac8732f43358d0abb4e0c
12b,n6,mbpp-008,mbpp,True,stop,309.45388,37,b9c3891975dc17ad1c5ddeedb3e45f00247bb080fa933dfed4ebc7e6ea84f63b
12b,n6,mmlu_pro-057,mmlu_pro,True,stop,341.63522,5,f246277cc5248bc3d0e34f18c1e51dbf384b76ba4bc05357a5783df373eefa83
12b,n6,mbpp-033,mbpp,False,stop,1133.946508,196,eeab91530e9b28fe5aedf465f863f1875096da8e6f9ef5c8fabd279913e94029
12b,n6,ifeval-021,ifeval,True,stop,1220.831298,173,0df56d65bf09bf7c85052b652624db61deb88370a4e04ac1a10af59127260ba1
12b,n3,mmlu_pro-023,mmlu_pro,True,stop,201.019096,5,7f12398eab61eabfade2a1506d641f27c6035a371dd16cf1e5bbce8ac82b36d3
12b,n3,gsm8k-035,gsm8k,False,length,2482.645332,512,0d73f0890f4b25e8174ced6612d4989050b22642bfe9f585524c73ae307f751a
12b,n3,mmlu_pro-006,mmlu_pro,True,stop,322.600715,5,383107968fb4dbad920fba520520a41a0449a7214bbf4a8288643187983af7c9
12b,n3,gsm8k-044,gsm8k,True,stop,1088.827059,200,2af98960f87290e9ffa87d34ad4e1a9f518e0eea576b11914c9a738e06c486b0
12b,n3,mmlu_pro-048,mmlu_pro,False,stop,193.034142,5,e192490fee64ad593d0794e211855b9bb10e590dbd903c73641084fcd6da0256
12b,n3,mmlu_pro-026,mmlu_pro,True,stop,186.631066,5,383107968fb4dbad920fba520520a41a0449a7214bbf4a8288643187983af7c9
12b,n3,ifeval-028,ifeval,True,stop,3437.255554,484,b2885675d7e4e62f7e59654723c981729a0df1ef08d52158208b57287b43b061
12b,n3,mmlu_pro-033,mmlu_pro,True,stop,213.729931,5,79c14ef69b8803008a7947090ee9d8b4065c49bc1b60dd0d647e9b27f2aac0bd
12b,n3,gsm8k-052,gsm8k,True,stop,1275.018309,282,2b96b036d42e9f358d7aa24edf13e5a894b5aa159c904f6bc906bb52ff657f42
12b,n3,gsm8k-045,gsm8k,True,stop,889.847611,183,3a5d4ceea35b2b6939f5f58795d47279b85c3ceab266675b6b881c319907ad5a
12b,n3,gsm8k-058,gsm8k,True,stop,1255.139628,261,7dd5776bc270287440bc29508f2e787e2d77fb7b435ec9220f10e64e8666cf19
12b,n3,gsm8k-036,gsm8k,True,stop,838.063043,167,9c2dafca2281a191f994b99d4d0cdaacc7fb3c6d5b7c659d55117abdbfca6887
12b,n3,gsm8k-017,gsm8k,True,stop,675.095646,133,b79db9dbad87d0691584fc9c3c91e9372bb366a3eede4a26930d48092e2f4416
12b,n3,mmlu_pro-059,mmlu_pro,True,stop,204.487808,5,44bbaa39dea1d8838a3788f80b48ef0ed54d451655d0bf526734658ec6af622f
12b,n3,gsm8k-049,gsm8k,True,stop,725.226419,143,c5ab262e6075d45c6f8130bb326c6be4da67379393be73afdbb5be3b4c943d32
12b,n3,ifeval-016,ifeval,False,stop,117.807307,3,756323b169728673341620db9f90fdab034169535fd52280c13cc5af618f5593
12b,n3,gsm8k-050,gsm8k,False,stop,786.450627,136,7daa5c933b008bdc1e9ed48bfa50a6a200eecfb0058b574e7ed584490fa04506
12b,n3,mmlu_pro-054,mmlu_pro,False,stop,169.088665,5,e7e621df907fc16c9b06df06caf0acd9c4800660de102246b77df7a00426983a
12b,n3,gsm8k-028,gsm8k,True,stop,785.543714,167,8d15aa0c2a4c62315dd7bea5d290990f07eafed0ea03c4a1ff4738b5cff15114
12b,n3,gsm8k-055,gsm8k,True,stop,918.453721,196,85ed74d946cad5f2fb923f05dabcc5528b3fb69d917c72291f57ccf99d28e6f7
12b,n3,ifeval-018,ifeval,True,stop,3550.668982,499,c0e9e364c70e605a3ef1b3da4178ce5eb917d26201e8156a7f5712d99fe872bd
12b,n3,ifeval-008,ifeval,False,stop,1691.609146,201,fe7188a53b76a3d373724cc66f7896c3943e85abec0acdc0e61485212a2042b3
12b,n3,gsm8k-009,gsm8k,False,length,2530.967467,512,4b400a21f3c897de485858c06697f2b94f31cc674e25caf05f61aa0ed7cd74c0
12b,n3,gsm8k-023,gsm8k,True,stop,1678.036349,355,0f2d676c69773f8b25b919a6041eb303e4c3363a025764e5155e31a03cb5a82d
12b,n3,gsm8k-041,gsm8k,True,stop,767.786353,148,3e8837662aa6cd0330ba5d006cfdb95a2b88b7351df7923ea4428f13acf3c82d
12b,n3,mmlu_pro-041,mmlu_pro,True,stop,238.05078,5,e192490fee64ad593d0794e211855b9bb10e590dbd903c73641084fcd6da0256
12b,n3,ifeval-019,ifeval,True,stop,3520.703119,470,da0910ec2fbd0c11c5bdaff9779b10850c57fb306279fe5145e50355bae6a9b1
12b,n3,ifeval-023,ifeval,True,stop,1663.42121,229,2f2025159b10ba1208ea41653d00c66f2ad7ef3a932e9337c070df7c47e90644
12b,n3,mmlu_pro-042,mmlu_pro,False,stop,234.079923,5,e7e621df907fc16c9b06df06caf0acd9c4800660de102246b77df7a00426983a
12b,n3,mmlu_pro-049,mmlu_pro,False,stop,209.971022,5,7f12398eab61eabfade2a1506d641f27c6035a371dd16cf1e5bbce8ac82b36d3
12b,n3,ifeval-012,ifeval,True,stop,2978.164053,423,84d064df6421a9abcc143eafdde21671207bdeb452e9cea5dedb2e65d6c1be0e
12b,n3,ifeval-024,ifeval,True,stop,1064.458218,138,cb019ba24ff5beab7bf2616b28336680df148d800affe334561727a93cabf391
12b,n3,mmlu_pro-000,mmlu_pro,False,stop,234.120613,5,2b811e58a6e1fde6992eb1ffe81c5357d5db8e2e33099f28d9e9b0d6f756ed0b
12b,n3,mbpp-009,mbpp,True,stop,761.856016,123,4ae6cbe424638eef07e1e5667d0741f8b781b2087b8af5d58ad71e092e961579
12b,n3,ifeval-009,ifeval,True,stop,2751.187989,395,4ab7cb2d17888d88819d5c1dadde308f70ad6bdd81bc5ce087d744432997f5fb
12b,n3,mmlu_pro-050,mmlu_pro,False,stop,212.367687,5,7f12398eab61eabfade2a1506d641f27c6035a371dd16cf1e5bbce8ac82b36d3
12b,n3,gsm8k-059,gsm8k,True,stop,1281.957638,278,620d7dc3ec1fae915107b50521a5168eda9e0f363dd14586a6ff483646526fd0
12b,n3,gsm8k-056,gsm8k,True,stop,1108.240809,235,dc04e562a5c320973bf96c19e079ff01880bcaed75c9dbb592d751356c79a203
12b,n3,ifeval-027,ifeval,True,stop,4389.147564,654,d13ca72aeffce04af362afc3eb61715885095cd39591fcaf22d167f83061118d
12b,n3,gsm8k-010,gsm8k,True,stop,922.710847,182,3f63ce0c1e338b14a377d0e3382211897298eb19280217c7f643227b0e87d160
12b,n3,mmlu_pro-013,mmlu_pro,True,stop,184.691431,5,0b881d9aefb8729ec3519b9fc950d22641f552cae9e7b7c3d836e5049ae2a6eb
12b,n3,gsm8k-054,gsm8k,True,stop,1299.070019,292,5f66df02d792171a70b592e81c291671ca336ea6b66b9f50a592ddc4c3d7df11
12b,n3,mbpp-016,mbpp,False,length,2505.20584,512,bfa0cc8bbc589d280e05ca32bdec835a4d57bb25f1e57a7510963a2318bfd243
12b,n3,mmlu_pro-032,mmlu_pro,True,stop,302.652041,5,e192490fee64ad593d0794e211855b9bb10e590dbd903c73641084fcd6da0256
12b,n3,mmlu_pro-027,mmlu_pro,True,stop,188.34085,5,f246277cc5248bc3d0e34f18c1e51dbf384b76ba4bc05357a5783df373eefa83
12b,n3,gsm8k-047,gsm8k,True,stop,712.16368,139,96ae33cec934fb5b745bdae65df87a925575174796b72420de97720a55df5f22
12b,n3,mbpp-007,mbpp,False,length,2512.645431,512,8551b100dc8327dda3766c61b71eeef713036332daac290fc2e8a71c3af23caf
12b,n3,mmlu_pro-017,mmlu_pro,False,stop,286.913871,5,75a8382d1f0eeb8ade3ff32fd5d253d6d61f5569a8c8c7a7f2fa4e891b73e012
12b,n3,ifeval-034,ifeval,True,stop,1653.259141,234,5131b6ba2c5629d7d926c3a199de29c935c99ccc5d27d793529b3d5d40dc039d
12b,n3,mmlu_pro-036,mmlu_pro,True,stop,162.76982,5,79c14ef69b8803008a7947090ee9d8b4065c49bc1b60dd0d647e9b27f2aac0bd
12b,n3,gsm8k-001,gsm8k,True,stop,1561.716493,309,0f2b5068b4b11b13ed7069e927d266212c73f181251f67205bab97872cd89395
12b,n3,gsm8k-003,gsm8k,True,stop,1339.840249,271,964254ea95def67394513cc5acb9297c2dcafb423b173f4b866e6e2502d01433
12b,n3,ifeval-035,ifeval,True,stop,226.693853,13,8bfa9fe1f5d629c2629d34be1303c062d4a34dd748535a18459bc73603bc0c3a
12b,n3,mbpp-026,mbpp,True,stop,215.898505,32,1eff8d615c97e43bbb5c5e6e0c1b9cb9d32ad7b206ef6c1509b6e2ff26e466b0
12b,n3,mbpp-000,mbpp,True,stop,253.633898,31,9f51484c9a5a56047ab13d4b4f31250b8eacc1660d73ccceb372fe3bf437c6e3
12b,n3,mbpp-014,mbpp,False,stop,727.789191,125,8a5d69912c8ae98d73578125e9d2943406de5fdc9ed1bdef133dc156a9f49f77
12b,n3,mmlu_pro-016,mmlu_pro,True,stop,234.545597,5,0b881d9aefb8729ec3519b9fc950d22641f552cae9e7b7c3d836e5049ae2a6eb
12b,n3,ifeval-007,ifeval,False,stop,422.060707,46,370971b7f425f8251536cd814413bb60812ce161d73e2745a9081b0e21ff630a
12b,n3,ifeval-032,ifeval,False,stop,288.689923,27,57e39da020e575bf001d972fb9638e85608377ea9aa57d63a93b23c92710811d
12b,n3,mbpp-012,mbpp,True,stop,237.485089,25,88e3a231028f25a24a39fc4fb80211609502549f02a0a820d9108ccc498168d7
12b,n3,mmlu_pro-047,mmlu_pro,True,stop,211.13501,5,f246277cc5248bc3d0e34f18c1e51dbf384b76ba4bc05357a5783df373eefa83
12b,n3,gsm8k-037,gsm8k,True,stop,2104.197008,438,24107ab4305a084857dee7566f2aadd0ea8b6e9da239d824ce8c0a2f63023a41
12b,n3,ifeval-021,ifeval,True,stop,1100.157159,186,6b5ac54045327e096ffd4a0ae66def53e43251153e01eadf2546822f11b464d1
12b,n3,mbpp-001,mbpp,True,stop,670.491286,128,aef4b6a8d0cb5ff8fe12b5581307e2d2fc1cf2e81c4c082788e018340d7f7a64
12b,n3,ifeval-025,ifeval,True,stop,2811.625684,431,6a25fc70f307635dd96e706e7690f079e2c9ba93051e7d4a83f2946da7c847f2
12b,n3,ifeval-000,ifeval,True,stop,1171.096028,204,57dc8bc061f90b19f5161509d821247631c333e5d6d27f506577613b7d3f8852
12b,n3,mbpp-020,mbpp,True,stop,337.864029,39,b9fbb54da04dac4530d79e61d7c731421a6d495890c45f2ae532364223540357
12b,n3,gsm8k-015,gsm8k,True,stop,908.479832,187,4fc34790d6c11cce663ec2b12aab55346e0fac4a024addc360224a5c7c53f82a
12b,n3,gsm8k-005,gsm8k,True,stop,1049.356259,224,eec3de3f87fee8ead079dc5e83d5e17e3f8c85e212affc077c4df5fa50fdd0ff
12b,n3,mbpp-011,mbpp,True,stop,429.15723,56,a73e4c15113564e76156ef2c16127b59f92a6662bcb81b51bf4d59bca113a896
12b,n3,mbpp-033,mbpp,False,stop,1045.7454,177,737180affd65d7e86123deb97f5ee8a13998d8ea3acf5d5608abc6d88843427b
12b,n3,gsm8k-021,gsm8k,True,stop,1039.739612,194,230a7c17d52ab9c855ca10924c84bc5095f3cea8368dba8ce1a82a1d7262aba0
12b,n3,mmlu_pro-056,mmlu_pro,True,stop,184.733241,5,e192490fee64ad593d0794e211855b9bb10e590dbd903c73641084fcd6da0256
12b,n3,mbpp-031,mbpp,True,stop,289.678737,42,3ec36b4c44b7233344c96c229dbf5cef458622630abd7e11bcd8eff433bc2ff5
12b,n3,mbpp-035,mbpp,True,stop,276.416585,26,70317dac83bec3cbdab62623c76ea12c1ae182e6aa28d37972c34b39a12f5b91
12b,n3,gsm8k-011,gsm8k,True,stop,730.23856,135,d4702a5d865ec8b68cd8a5e408811006b9b9d770d45bb6b3a1f0c5df6d969c7e
12b,n3,gsm8k-032,gsm8k,True,stop,1150.199705,243,32820e6651fe79b72bac56df15c303c10053e3ad5b48d1d5fb310caa1e2573ea
12b,n3,ifeval-003,ifeval,True,stop,1696.911112,253,06d448c12ea4a543ab8a821b230f54a34852094fee7f0c381b4ed127a300adfb
12b,n3,gsm8k-012,gsm8k,True,stop,905.518091,196,8661cb499d897a3e57f1ef3351dd58dffed37fb2cf5d7a2fbdfa4345a39af341
12b,n3,ifeval-001,ifeval,True,stop,1182.218967,167,f215d4c8be04c03da9695a5845cf260143cc09a8c985e30e2e9ec0f0e056acea
12b,n3,ifeval-036,ifeval,True,stop,847.967887,105,a2b6e97244ce3416fb26f9a09dc6aae39d3d11a920440d943a10091c28ced7d2
12b,n3,ifeval-010,ifeval,False,stop,2471.866579,354,c1e7d668238afda8955f9a6a1d7a85a237072109a99fc704359b3ca9ea9e6dcb
12b,n3,ifeval-015,ifeval,True,stop,864.566597,108,aa54e40e4346a02af97ad0ae3e1228ac593461a8b327acffd07f698bdf585fe8
12b,n3,mbpp-018,mbpp,True,stop,661.198374,120,fecad9c0702cbff84bb13b78b2d823fb5b2c010ba40322ab7ce0aa96a43335de
12b,n3,mbpp-005,mbpp,True,stop,1481.119122,285,f4776a0b85dd0f918a606bbfc3751dfff5afd1bdec207d5e955026ecf35c589b
12b,n3,gsm8k-030,gsm8k,True,stop,1388.654092,276,c144019621150850d124987b1d9ea738388cd7d59ee6b080e175fd7ea0088a03
12b,n3,mbpp-025,mbpp,True,stop,777.908831,127,04d8152854e400a0156b6f48f1aa85b936c28a165e723dae54fd961848ed4799
12b,n3,mmlu_pro-003,mmlu_pro,False,stop,232.901327,5,7f12398eab61eabfade2a1506d641f27c6035a371dd16cf1e5bbce8ac82b36d3
12b,n3,mmlu_pro-029,mmlu_pro,True,stop,207.362326,5,0b881d9aefb8729ec3519b9fc950d22641f552cae9e7b7c3d836e5049ae2a6eb
12b,n3,gsm8k-014,gsm8k,True,stop,1463.964474,303,38a38f9a88f5e4e5dcef05322446ab57a2d381f7fd05cd28c2827481efd3d8b8
12b,n3,gsm8k-000,gsm8k,True,stop,624.514836,112,d2a2ce301323a3d93915f9da59e0ccde89d44815d10d86e0bf87b53f6c044542
12b,n3,ifeval-017,ifeval,True,stop,3614.722933,556,8ef40cb37df9d405938540c0234bbbe09456f77989a9f916f9dd2206c62691ab
12b,n3,ifeval-037,ifeval,True,stop,3725.094815,643,e7690c8b87453480ea320c7692697de121a3b035ab7e94ef900233dbc29aed9e
12b,n3,mmlu_pro-010,mmlu_pro,True,stop,335.539578,5,79c14ef69b8803008a7947090ee9d8b4065c49bc1b60dd0d647e9b27f2aac0bd
12b,n3,mmlu_pro-004,mmlu_pro,True,stop,343.051472,5,75a8382d1f0eeb8ade3ff32fd5d253d6d61f5569a8c8c7a7f2fa4e891b73e012
12b,n3,mmlu_pro-038,mmlu_pro,True,stop,212.626042,5,7f12398eab61eabfade2a1506d641f27c6035a371dd16cf1e5bbce8ac82b36d3
12b,n3,ifeval-030,ifeval,True,stop,3262.508511,630,f4e39201ff868c71e2c1f93d30701c7206102ee553f95ef738eed5fea1ef85cd
12b,n3,gsm8k-033,gsm8k,True,stop,1301.852917,278,13c2b6d4b684e5b26a86db9c9616865130b734428503d7969ea32a566fcaead9
12b,n3,mmlu_pro-053,mmlu_pro,False,stop,261.900276,5,f246277cc5248bc3d0e34f18c1e51dbf384b76ba4bc05357a5783df373eefa83
12b,n3,mmlu_pro-045,mmlu_pro,False,stop,308.784989,5,0b881d9aefb8729ec3519b9fc950d22641f552cae9e7b7c3d836e5049ae2a6eb
12b,n3,mbpp-027,mbpp,True,stop,594.753448,66,c113ae17a302d1fd851d7a78dbfa687df73adf25301e048d21b7431c16659497
12b,n3,gsm8k-053,gsm8k,True,stop,1017.116568,177,3d67e2bc89b04a79289eec0d32ce607db6a273d080c15b29e29e4592e8b3187e
12b,n3,ifeval-022,ifeval,True,stop,784.823554,97,45a91a2b126cf6549f0a33cc692e6a7eabfefd1604b822a72a70999d81789d88
12b,n3,mmlu_pro-005,mmlu_pro,False,stop,240.605971,5,75a8382d1f0eeb8ade3ff32fd5d253d6d61f5569a8c8c7a7f2fa4e891b73e012
12b,n3,mbpp-034,mbpp,True,stop,246.806965,21,3fecaede8e545dcd731d9135188c98f65af844f3f887d6c3b1d2522fe4d8afb4
12b,n3,gsm8k-004,gsm8k,True,stop,735.81424,147,76cf75a474ca0355c06e4bf888af3f118af56eb18d6da562e5f362393b1906dc
12b,n3,ifeval-014,ifeval,True,stop,3750.803964,553,2c3b0121e1779b06ec3820714930aa2a6419b1906953893fa39b7b5749411d4f
12b,n3,ifeval-038,ifeval,True,stop,242.490409,22,0b5ad9d9c8203eaeb2bbacf54cb064fa547e58d753594bc948691bf93081e46e
12b,n3,ifeval-029,ifeval,True,stop,2234.309081,318,11978f0f424f52f7d5eff918271a028309da42d4743143f450d5b0a7d94e1003
12b,n3,mmlu_pro-044,mmlu_pro,True,stop,238.588257,5,e7e621df907fc16c9b06df06caf0acd9c4800660de102246b77df7a00426983a
12b,n3,mmlu_pro-008,mmlu_pro,False,stop,240.139866,5,e192490fee64ad593d0794e211855b9bb10e590dbd903c73641084fcd6da0256
12b,n3,mmlu_pro-051,mmlu_pro,False,stop,207.780747,5,0b881d9aefb8729ec3519b9fc950d22641f552cae9e7b7c3d836e5049ae2a6eb
12b,n3,gsm8k-027,gsm8k,True,stop,1733.4752,378,b5dd8e71c9de3b518dbd23babc325058c08c5ae0fc3a5d4a2a00629780d163a6
12b,n3,mbpp-028,mbpp,True,stop,336.201696,32,935a46b12d1be56832c2a572cbcfa849f01b218bb282f24708f561971ef205f1
12b,n3,mmlu_pro-014,mmlu_pro,True,stop,197.016409,5,0b881d9aefb8729ec3519b9fc950d22641f552cae9e7b7c3d836e5049ae2a6eb
12b,n3,mmlu_pro-034,mmlu_pro,False,stop,169.314793,5,383107968fb4dbad920fba520520a41a0449a7214bbf4a8288643187983af7c9
12b,n3,mmlu_pro-021,mmlu_pro,False,stop,199.752803,5,e7e621df907fc16c9b06df06caf0acd9c4800660de102246b77df7a00426983a
12b,n3,mbpp-024,mbpp,True,stop,676.400063,115,a7eb0b80e42c2fadde62ab2c474c0a57ce7b899a51c0c035c523fa14af8815ca
12b,n3,ifeval-011,ifeval,True,stop,465.177283,45,a4095a9f1ad26a9cf00c055a1e0046b4268e477866b3f346f0a20bc722a82725
12b,n3,mmlu_pro-039,mmlu_pro,True,stop,128.985562,5,0b881d9aefb8729ec3519b9fc950d22641f552cae9e7b7c3d836e5049ae2a6eb
12b,n3,gsm8k-020,gsm8k,True,stop,908.595923,185,6df234b40b54ce96e48b8112aa03b3eed2bd982cfdb60ec01653621e5f095922
12b,n3,mmlu_pro-022,mmlu_pro,True,stop,306.529739,5,75a8382d1f0eeb8ade3ff32fd5d253d6d61f5569a8c8c7a7f2fa4e891b73e012
12b,n3,mmlu_pro-046,mmlu_pro,False,stop,324.416203,5,44bbaa39dea1d8838a3788f80b48ef0ed54d451655d0bf526734658ec6af622f
12b,n3,gsm8k-048,gsm8k,True,stop,959.433304,195,d08a5a80f83a65a109f6fc19751f350f97f461bf0ae9285f5e4334657e3f71bc
12b,n3,mmlu_pro-037,mmlu_pro,False,stop,228.983846,5,f246277cc5248bc3d0e34f18c1e51dbf384b76ba4bc05357a5783df373eefa83
12b,n3,mmlu_pro-024,mmlu_pro,True,stop,190.358779,5,7f12398eab61eabfade2a1506d641f27c6035a371dd16cf1e5bbce8ac82b36d3
12b,n3,mmlu_pro-011,mmlu_pro,False,stop,162.934454,5,7f12398eab61eabfade2a1506d641f27c6035a371dd16cf1e5bbce8ac82b36d3
12b,n3,gsm8k-038,gsm8k,True,stop,1478.360006,320,e2affab4fe03b30e5008f09e66dfb9d77b38f271e314ce6287fe64625b9f416b
12b,n3,mbpp-010,mbpp,True,stop,1046.26133,190,b6688232a7a6404810b65f1f5706f10999972fae1b04a33cd5a33fdd8138c4a3
12b,n3,gsm8k-034,gsm8k,True,stop,1992.252259,408,ddc15b98ba593492abd8dc0294128aa65f12e0cf5611767e692d78188098bd09
12b,n3,mmlu_pro-028,mmlu_pro,True,stop,245.341474,5,2b811e58a6e1fde6992eb1ffe81c5357d5db8e2e33099f28d9e9b0d6f756ed0b
12b,n3,mbpp-039,mbpp,True,stop,1155.385211,225,8124d5a0252c56a10b9350a9bfd7456ac0eb7c5386b09b9cc09c4201d4192c61
12b,n3,gsm8k-040,gsm8k,True,stop,1106.95268,228,5ccad70a02b4311bb7978ddfc92b22036bcd6915555325c0e5dd6f9bbbbc796e
12b,n3,mbpp-006,mbpp,True,stop,876.74691,173,55730c53c5e92d43ea586e7ffde526796f10b8cb7e1f527d81e3770c5b6c81ca
12b,n3,mbpp-021,mbpp,True,stop,819.299469,165,3c180306abad8213afab8af25e2955a06bb09d997e846b867dc62796aeb86a60
12b,n3,mbpp-036,mbpp,True,stop,286.770357,35,68f4d7589f633b92b13fefd6bef50c8c846fe1a3fe75b1a2bbc3a26e31f80c9f
12b,n3,ifeval-031,ifeval,True,stop,906.903468,110,196b32c5b4567297aea9beaac3315879d8f116b214d7234eeb3b103cedee82c6
12b,n3,mmlu_pro-057,mmlu_pro,True,stop,303.312844,5,f246277cc5248bc3d0e34f18c1e51dbf384b76ba4bc05357a5783df373eefa83
12b,n3,mmlu_pro-055,mmlu_pro,False,stop,248.320588,5,79c14ef69b8803008a7947090ee9d8b4065c49bc1b60dd0d647e9b27f2aac0bd
12b,n3,mbpp-008,mbpp,True,stop,343.453993,37,b9c3891975dc17ad1c5ddeedb3e45f00247bb080fa933dfed4ebc7e6ea84f63b
12b,n3,gsm8k-016,gsm8k,False,stop,1007.139663,204,c645d76b549d1bea00c3210a0b94c2acbb7ccc6f428afb308c85932a7f8ef419
12b,n3,gsm8k-006,gsm8k,True,stop,792.025365,172,d7f2798e62f243feaf28a2295d563fbc47895100fec96776cfd4d90876e120ec
12b,n3,gsm8k-013,gsm8k,True,stop,780.366935,158,c29bd7d9f06f755e872573cd736ce490953e702d13a1d01a7f4ea69984afd78e
12b,n3,gsm8k-018,gsm8k,True,stop,660.134539,134,96cc5d3773dd9eb49db937641cacc0deee91bb52a8c7114dca48a99d75a4d673
12b,n3,mbpp-017,mbpp,False,length,2276.858366,512,07d3a37da5968a5f2e911493e3880315a720470b690d4032af690e0063ce840c
12b,n3,gsm8k-019,gsm8k,True,stop,1043.000247,203,b108b0f9d3868ecf4e470213bbc79f918c120d354e6ef1db030f81bb609fe4e3
12b,n3,mmlu_pro-043,mmlu_pro,True,stop,198.275806,5,e192490fee64ad593d0794e211855b9bb10e590dbd903c73641084fcd6da0256
12b,n3,mbpp-023,mbpp,False,length,2512.913448,512,aed8f788c71b562b7251df33a50d179ebc3b9a82085a7b8a62c17d7af3befb91
12b,n3,mmlu_pro-001,mmlu_pro,False,stop,269.616374,5,2b811e58a6e1fde6992eb1ffe81c5357d5db8e2e33099f28d9e9b0d6f756ed0b
12b,n3,mbpp-019,mbpp,True,stop,396.048225,67,ac46b4ce52d9f8bd8d5a21d83cf619f023107114565017d7853ad717338453d9
12b,n3,mbpp-032,mbpp,True,stop,557.954943,83,fcfb86832395906e0a7afa199b5dde9c1532622e57ce6e124add21a7deb91775
12b,n3,mmlu_pro-025,mmlu_pro,True,stop,349.70945,5,e7e621df907fc16c9b06df06caf0acd9c4800660de102246b77df7a00426983a
12b,n3,mmlu_pro-031,mmlu_pro,True,stop,230.617991,5,2b811e58a6e1fde6992eb1ffe81c5357d5db8e2e33099f28d9e9b0d6f756ed0b
12b,n3,gsm8k-022,gsm8k,True,stop,1215.631327,255,2b926ec00e69517e545897007a632ee60bb9cb7836643f3f44cbe3cbd9cdbdb1
12b,n3,mmlu_pro-002,mmlu_pro,False,stop,206.446959,5,75a8382d1f0eeb8ade3ff32fd5d253d6d61f5569a8c8c7a7f2fa4e891b73e012
12b,n3,gsm8k-057,gsm8k,True,stop,1100.212153,218,aeca1af79dcd4c5ada8e04a2db07ef68d4ee0be02405d57bed509c695ee72831
12b,n3,ifeval-004,ifeval,True,stop,4289.293724,727,7e42609fc7545ab1745a9c1aef3a9120daa87f83e4cb6a712d33e396a69a2e0c
12b,n3,ifeval-039,ifeval,True,stop,571.800055,54,086eb168d6329cb1173a95a41f5b0bac87ca0fb50e2ef149935daa5f4a7569a4
12b,n3,gsm8k-007,gsm8k,True,stop,952.234555,209,a0aaad8de24bde3e01059423ecfd74f676ed93f0fbc51a063b69124dc5b21e92
12b,n3,gsm8k-046,gsm8k,True,stop,792.313344,162,c26bf048e11bf6ace87c8997c5e50bfdf4aecfcd2ecda65acaf0d22d35a6305a
12b,n3,mmlu_pro-009,mmlu_pro,True,stop,231.000925,5,7f12398eab61eabfade2a1506d641f27c6035a371dd16cf1e5bbce8ac82b36d3
12b,n3,mmlu_pro-007,mmlu_pro,True,stop,288.154522,5,e192490fee64ad593d0794e211855b9bb10e590dbd903c73641084fcd6da0256
12b,n3,gsm8k-051,gsm8k,True,stop,998.02784,207,46fe71912cee8adcfcb486ec23d0c17811c19ba7b7ab3a4b3f991f79b036641b
12b,n3,gsm8k-039,gsm8k,True,stop,2072.627621,472,8e110f31fd957c36d39cb10bb8f9880ff25908791a832ffea4274634f3efefcd
12b,n3,mbpp-004,mbpp,False,length,2390.683278,512,be788fe3e7b55531bef518faae10c0ae511959a705425191aaa57cf5b8ca518b
12b,n3,mmlu_pro-035,mmlu_pro,True,stop,266.66153,5,7f12398eab61eabfade2a1506d641f27c6035a371dd16cf1e5bbce8ac82b36d3
12b,n3,mbpp-029,mbpp,True,stop,410.076912,63,e0a7d8d3a6bac977c41f1d61180e5123cb999b3c45e5ad06947b079dcfa5b328
12b,n3,mbpp-030,mbpp,True,stop,1079.692105,172,408433a638513305bfd2fc3694105d54d393a56f1565fa5566678614bfd1acc6
12b,n3,mbpp-022,mbpp,True,stop,386.204952,36,0de54c5f0b17f075fcf6b40205e874d57cddc5d15fb264c75bb341a73617141e
12b,n3,ifeval-005,ifeval,True,stop,2255.445206,422,fa1312f6519b6c6bc9db332f14474a368f7391d7595e9773037fc5b6911d0375
12b,n3,mmlu_pro-052,mmlu_pro,True,stop,294.123625,5,79c14ef69b8803008a7947090ee9d8b4065c49bc1b60dd0d647e9b27f2aac0bd
12b,n3,mmlu_pro-012,mmlu_pro,False,stop,389.03972,5,383107968fb4dbad920fba520520a41a0449a7214bbf4a8288643187983af7c9
12b,n3,mmlu_pro-030,mmlu_pro,True,stop,270.949536,5,7f12398eab61eabfade2a1506d641f27c6035a371dd16cf1e5bbce8ac82b36d3
12b,n3,ifeval-020,ifeval,True,stop,2168.717788,299,4d51a1dd83000baafc0759cc0e82523e6e92d6b2ac58dc43633282c588e81b4c
12b,n3,mmlu_pro-058,mmlu_pro,False,stop,190.59084,5,79c14ef69b8803008a7947090ee9d8b4065c49bc1b60dd0d647e9b27f2aac0bd
12b,n3,gsm8k-002,gsm8k,True,stop,1730.6001,357,51fbb27187a223300cbc54a532ab1b6b91710f54def9e174310c0bbef41e7c01
12b,n3,mbpp-002,mbpp,True,stop,278.793584,20,06656aea3e5d36d758091598f861a450b00ae765dc4353b0817442bf438956ec
12b,n3,gsm8k-043,gsm8k,True,stop,1016.384372,204,56663fb4c6274789a57ab324a448364f5fa038afa43f219c8bc2525ea9a22436
12b,n3,gsm8k-042,gsm8k,True,stop,874.395067,168,ac8617b5e1d2983a66495243b668157e142bd78878896c0a62a22eba7db72dcd
12b,n3,ifeval-013,ifeval,True,stop,1122.374106,159,0aee066eb59837a897f3441453acfef75bb33df5f0c9d21024df53af76a91753
12b,n3,ifeval-033,ifeval,True,stop,455.263572,49,5ed3e4fa66a93ac371e624c1f498d02f6466e1763b796068760e2006bb83d3a2
12b,n3,mbpp-038,mbpp,True,stop,334.821402,56,9d32bf8ec3a60d064d92722ee54882cf4ab20d7f501c8938357b484291e640b7
12b,n3,mmlu_pro-019,mmlu_pro,False,stop,233.868393,5,2b811e58a6e1fde6992eb1ffe81c5357d5db8e2e33099f28d9e9b0d6f756ed0b
12b,n3,ifeval-006,ifeval,True,stop,603.696302,75,32b9ae045347d45ca4b2626a359d07cce06cf17e2f9bc035661a49fa3cf4914a
12b,n3,mbpp-003,mbpp,True,stop,216.191305,26,2369d5861c9378ec1edd7526f1a7312ee1942a946ef1ad07c6d3816877ac5930
12b,n3,gsm8k-031,gsm8k,True,stop,1204.172383,255,967f2680d88b6a3343426eddf480ed9073852f49382f8d6d4586d6a259e07a6e
12b,n3,gsm8k-029,gsm8k,True,stop,504.77347,96,aec192dc084f43b4378736b7bf077bd784816a5ef5a3445a3feef04ba0efbb32
12b,n3,mmlu_pro-018,mmlu_pro,False,stop,250.439044,5,2b811e58a6e1fde6992eb1ffe81c5357d5db8e2e33099f28d9e9b0d6f756ed0b
12b,n3,ifeval-026,ifeval,True,stop,1264.662162,167,370e2dd75427fdcfe7400f881b3ecc70ef61a5d4821ecde44ec3f85a23c5d365
12b,n3,gsm8k-026,gsm8k,True,stop,1445.525659,320,8a3cb8dc4862b14a37594060c58d58f2434d017c5b4806bf91306822b79ee214
12b,n3,mmlu_pro-015,mmlu_pro,True,stop,206.064192,5,2b811e58a6e1fde6992eb1ffe81c5357d5db8e2e33099f28d9e9b0d6f756ed0b
12b,n3,mbpp-037,mbpp,True,stop,353.352722,46,b0d87a4f246ab0c8abbec4db556c2753bbc57afbbd24e7a4946f2e333bf0144d
12b,n3,mbpp-015,mbpp,True,stop,232.834267,24,eee918b4317d18580849bd33e3360e3eb0ba64663317e98e1b2cbe720fa691f6
12b,n3,mmlu_pro-040,mmlu_pro,False,stop,141.223082,5,2b811e58a6e1fde6992eb1ffe81c5357d5db8e2e33099f28d9e9b0d6f756ed0b
12b,n3,mmlu_pro-020,mmlu_pro,False,stop,237.721404,5,f246277cc5248bc3d0e34f18c1e51dbf384b76ba4bc05357a5783df373eefa83
12b,n3,ifeval-002,ifeval,True,stop,1254.167632,168,d41c63cc5df93f797017f4b47c610974718f8267a6a3debabaa955bffa658fd6
12b,n3,gsm8k-025,gsm8k,True,stop,904.464466,195,4fb84d6a3474915a8e7f0a718f6767645600c58aaa02fad4596c100f2a87a2c2
12b,n3,gsm8k-024,gsm8k,True,stop,819.236818,167,7b303eb2163a4b2be524a68a244fc231101723747e704cabec7746860bbe5bdf
12b,n3,gsm8k-008,gsm8k,True,stop,938.033799,196,6344a27c1f5658869e3d92b1f2d9d86d1649a3ae4bd1ec2db4a7f658041c9ce2
12b,n3,mbpp-013,mbpp,True,stop,276.741796,28,4df63423cb4c04c28d5305e7cc592e14020ebdb226133841cd882a53ddf5b8b2
26b,n6,mbpp-001,mbpp,True,stop,346.082707,97,6478c8d5903e00bd0706c92d498bf39ba1aad0b762d708a3b2c1a97582c8d08e
26b,n6,gsm8k-015,gsm8k,True,stop,486.115787,121,0c34b6241bb6001e6107e95e7cfbf2b2db323537e536062320106a6736825bfc
26b,n6,gsm8k-048,gsm8k,True,stop,622.463333,177,583feeff9dd35a91276223d08e2804d0423abbe1a3a5c2b3333de0d1559abadb
26b,n6,mbpp-031,mbpp,True,stop,261.686249,48,870c3c71e6b349c79985bda672e838646e0fd8580f454a70fb1f3b44e79eee38
26b,n6,mmlu_pro-014,mmlu_pro,True,stop,141.179211,5,0b881d9aefb8729ec3519b9fc950d22641f552cae9e7b7c3d836e5049ae2a6eb
26b,n6,gsm8k-012,gsm8k,True,stop,368.06317,91,2223b738487bf9f40b3bbf4bf306cb2a64dd364748f07af2d562b2f1eae2a1b4
26b,n6,mmlu_pro-024,mmlu_pro,False,stop,164.796162,5,79c14ef69b8803008a7947090ee9d8b4065c49bc1b60dd0d647e9b27f2aac0bd
26b,n6,mbpp-010,mbpp,True,stop,1333.608713,380,27b699d092682b057605bce2112c9e7fd9f78e66b8b73ed33fe0487c80195e5b
26b,n6,mbpp-035,mbpp,True,stop,432.928862,119,9c77efdfc509033b1fa892a1b8be4e0b80a24bfa73527d2e982b4ebece38a82e
26b,n6,mmlu_pro-001,mmlu_pro,True,stop,201.446936,5,75a8382d1f0eeb8ade3ff32fd5d253d6d61f5569a8c8c7a7f2fa4e891b73e012
26b,n6,mmlu_pro-006,mmlu_pro,True,stop,188.342436,5,383107968fb4dbad920fba520520a41a0449a7214bbf4a8288643187983af7c9
26b,n6,gsm8k-007,gsm8k,True,stop,771.267154,200,1891cbc86f9a3cd2ab93e1cd1592c5399ff2b033854438af36ef1acb54c337c5
26b,n6,ifeval-025,ifeval,True,stop,3167.028856,566,db5ced05b1f3e89b4b3acd9058c3a9f137c0b2dfe4d6c9c55fa776ced6f46e81
26b,n6,mbpp-029,mbpp,True,stop,540.913375,147,131c12e3baab60a4a04890eac3852b6c710bc26c39daf79d5bd2c9a22a80b7b7
26b,n6,mbpp-009,mbpp,False,stop,1586.214199,480,c657e7d1e0740ae45fafe62c966b62998d0b973713ffcacab943b3ee6c65efd0
26b,n6,mmlu_pro-017,mmlu_pro,False,stop,226.1773,5,75a8382d1f0eeb8ade3ff32fd5d253d6d61f5569a8c8c7a7f2fa4e891b73e012
26b,n6,mmlu_pro-012,mmlu_pro,False,stop,243.036592,5,e192490fee64ad593d0794e211855b9bb10e590dbd903c73641084fcd6da0256
26b,n6,mbpp-023,mbpp,False,length,1785.181198,512,75dda234cc71471418819188bbe49a2fa7c7722d3d518d4c9ac9004c54d70d75
26b,n6,gsm8k-029,gsm8k,True,stop,390.419389,84,6db8ecb0fb43b30bd5cd23015d255aaccff5859a82a59b56f4f514691db71fc3
26b,n6,mmlu_pro-034,mmlu_pro,False,stop,126.31598,5,f246277cc5248bc3d0e34f18c1e51dbf384b76ba4bc05357a5783df373eefa83
26b,n6,mbpp-014,mbpp,False,stop,552.487805,136,612c13e00cee419c9959f681d06d9bc66a97cb8e7fce0f79b678e4b625faf2e3
26b,n6,mmlu_pro-029,mmlu_pro,True,stop,196.39443,5,0b881d9aefb8729ec3519b9fc950d22641f552cae9e7b7c3d836e5049ae2a6eb
26b,n6,gsm8k-045,gsm8k,True,stop,633.150784,184,b3a13802a5fa6ccfd877dc69300a6ea7f4b2a25e8cd61a3e3e769927dc731060
26b,n6,ifeval-012,ifeval,True,stop,2681.806555,455,c161d4825f86736694a7524b900cf35bc99a10a5d06ffb32c06d5c8e9e4d274e
26b,n6,mmlu_pro-049,mmlu_pro,False,stop,221.096397,5,44bbaa39dea1d8838a3788f80b48ef0ed54d451655d0bf526734658ec6af622f
26b,n6,mbpp-036,mbpp,True,stop,206.219689,35,68f4d7589f633b92b13fefd6bef50c8c846fe1a3fe75b1a2bbc3a26e31f80c9f
26b,n6,gsm8k-024,gsm8k,True,stop,563.959135,156,46f6a717bc53fb781c9ceae9df1cecad80c20f36911a9613f407588436725083
26b,n6,gsm8k-002,gsm8k,True,stop,1264.31878,408,f11393defb1e56dcea0ff94d1eb4c17fc2d7f607d1560f063a9d3c30147e4bca
26b,n6,mbpp-015,mbpp,True,stop,301.495246,60,7e5013eaea7c314526bf40f91a970b225aec2dee466b10281372e2da66632045
26b,n6,gsm8k-006,gsm8k,True,stop,461.095025,148,a6289379bd2c55ce8003d9dc822ad46219637c542f5b66b7f4caf667132f4525
26b,n6,ifeval-024,ifeval,True,stop,1084.943143,158,995a91dc0dd096fd1626c9bf955f247a08a6a6eda0b32d56891b47f768e83a6f
26b,n6,gsm8k-016,gsm8k,False,stop,600.081868,146,f0e2a11c432cb59f10eb5a9fabf290c62f4799c798a70f39f3cfa2307c617b85
26b,n6,mmlu_pro-055,mmlu_pro,True,stop,137.701561,5,75a8382d1f0eeb8ade3ff32fd5d253d6d61f5569a8c8c7a7f2fa4e891b73e012
26b,n6,mbpp-020,mbpp,True,stop,227.605724,39,b9fbb54da04dac4530d79e61d7c731421a6d495890c45f2ae532364223540357
26b,n6,ifeval-039,ifeval,True,stop,358.966012,42,70121d859ac30e3073614d21f13865ef1290e1ff4504545475a4ca8abf9a9116
26b,n6,mbpp-021,mbpp,True,stop,408.804313,89,14be9e691965c61ccaff5d840a91799834301276f3da67a929d47e25123d2681
26b,n6,gsm8k-005,gsm8k,True,stop,583.605271,162,0fbac390c1d811bf608f1fc955d2a8ac95a5485aa45c1f7b5faeb1c43a7c2bf1
26b,n6,gsm8k-049,gsm8k,True,stop,555.655458,155,a921334228865af0f481d9614e18b40bde5bb1eb113e6dcf49e733cb3c12637e
26b,n6,gsm8k-030,gsm8k,True,stop,947.117848,295,0515917676e403ef2626adbc85484b3b3bc3c1be88d2d3ab37fbefc7c74a47a0
26b,n6,mmlu_pro-038,mmlu_pro,True,stop,158.727285,5,7f12398eab61eabfade2a1506d641f27c6035a371dd16cf1e5bbce8ac82b36d3
26b,n6,gsm8k-028,gsm8k,True,stop,389.338277,99,3654389e0f19b63dc58e4bb4203f6bcb9eb9053dc2842f6f83f5621138b48a52
26b,n6,ifeval-005,ifeval,True,stop,1381.128582,316,5e85cfef8651ea5e5c91268bf9f754a502bb68aaf247cb1be6c305cf10bf1b3e
26b,n6,mbpp-026,mbpp,True,stop,296.319029,70,11929beb76245890f5cfbd5e0319688f45048d8ffad43557e4a3ea51f7cf4dd7
26b,n6,mbpp-012,mbpp,True,stop,380.859495,108,1078dbec8ca4b236b331f9fad83589018f9ff736bd31e6eda8d2faa26ec2f829
26b,n6,gsm8k-027,gsm8k,True,stop,977.978322,290,e52fec6cbbebbb42d473d62bbbbc2c4d949b3c964b1777ba0f9a22d7bfaf46b6
26b,n6,gsm8k-039,gsm8k,True,stop,1283.160088,398,6d5f64ea3210338ffd9f147226ce4a8b80e7525b82ac679e63d27fef15d3d8c0
26b,n6,ifeval-028,ifeval,True,stop,3578.861318,520,338951bc54bd08dcc891df8cba2f0ae1d0351b50b0ecdd554e3825c117c6059e
26b,n6,mbpp-016,mbpp,True,stop,1225.985922,366,1f51b0228e4ca2b604632f7260de7773dda64dffb80078a3d9d10caed9604977
26b,n6,mbpp-004,mbpp,False,stop,294.178063,53,573070133826250b34f2703a3408676b7e98ebe023e96a87ed7811d99a494207
26b,n6,mmlu_pro-033,mmlu_pro,True,stop,116.79704,5,79c14ef69b8803008a7947090ee9d8b4065c49bc1b60dd0d647e9b27f2aac0bd
26b,n6,gsm8k-054,gsm8k,True,stop,703.456986,250,89b8275c1eac1fadf017ab38c5ee707a4452e5d0bbc14f6ab1d3ac02fc07acd3
26b,n6,gsm8k-032,gsm8k,True,stop,673.163822,194,dff85e67df64af8d7ed1f5633ee471b19fe70c8804ae659c16341477234a579f
26b,n6,ifeval-027,ifeval,False,stop,4192.096108,655,87cfae3a15aebbdfdcf93c35b37cddeed6d1ad64e9fe13027bb6dc5bcca139c2
26b,n6,gsm8k-000,gsm8k,True,stop,358.560543,74,4130591b6a48ab4e8aa2e1592cad24f83a0b4e4a245066fe17c2ef56aa1fa3ff
26b,n6,mmlu_pro-041,mmlu_pro,True,stop,154.627291,5,e192490fee64ad593d0794e211855b9bb10e590dbd903c73641084fcd6da0256
26b,n6,mbpp-003,mbpp,True,stop,197.931124,26,2369d5861c9378ec1edd7526f1a7312ee1942a946ef1ad07c6d3816877ac5930
26b,n6,gsm8k-026,gsm8k,True,stop,972.119034,326,715f589f2b6d69b8f88b2f7165d40c0ecb78836ce37babb8ed21d91b3de58f21
26b,n6,mbpp-013,mbpp,True,stop,442.018646,119,ba87158c7b788cf7dab68009d329d431cf9b41debd6418b4d344e78a2818f0b1
26b,n6,mbpp-027,mbpp,True,stop,335.39109,53,c6bea878f01a3eb77a45734df8c801301f79b77d427d70565de7fe514e396189
26b,n6,ifeval-026,ifeval,True,stop,1236.339327,218,18ff625f478983ae86075bbe7e1802850c689a2410663fdb3e955a4cdff4a552
26b,n6,ifeval-011,ifeval,True,stop,433.616055,62,fc36620b5f16f14a5b06734b574c4be1c36d6b293a2ff95508468837fff18144
26b,n6,ifeval-036,ifeval,True,stop,991.498666,167,589a9ef1195ba19249f7e5346d492485a9e7595e0bb5e098205604a1e502eec0
26b,n6,ifeval-015,ifeval,True,stop,676.221045,105,f3e2e4bad7899a15e538c289a1196478b7989f9b188a5bce62f7ab5b5d5b6551
26b,n6,ifeval-037,ifeval,True,stop,2702.522881,514,be3aa30a66854c290f1e767c1d163998aaccc5221bd1c20b7ad3515c24194ec9
26b,n6,mbpp-005,mbpp,False,stop,323.155109,54,4cedae0362c3d366f4e00ef222e2edbd10df886eb058c5b86e6a791e1f81f2a3
26b,n6,mbpp-034,mbpp,True,stop,340.023823,81,a3bfd9338c9b1802ba963dd2cecea8da5545413639d0298499c8b92953dc3530
26b,n6,gsm8k-018,gsm8k,True,stop,309.334451,79,96ae1629157a0c0caf49b2f979d2dc56a842eef96769c2fd728e8dab2b52b752
26b,n6,mbpp-017,mbpp,True,stop,658.31705,197,bb3bfedfd0ca84cd001bd9d131c68437ae0448167934c02a52b5c1b55463a29f
26b,n6,mmlu_pro-010,mmlu_pro,True,stop,205.317657,5,79c14ef69b8803008a7947090ee9d8b4065c49bc1b60dd0d647e9b27f2aac0bd
26b,n6,mmlu_pro-052,mmlu_pro,True,stop,256.122068,5,79c14ef69b8803008a7947090ee9d8b4065c49bc1b60dd0d647e9b27f2aac0bd
26b,n6,mbpp-011,mbpp,True,stop,319.824983,54,6b02601a9416085c3183af8cf8867cfdfc5578b9bb1b9a4d8e7c27d331e2bd58
26b,n6,gsm8k-042,gsm8k,True,stop,602.852051,172,380059f54838a8b840ed86d04ceb8a238422b28d67ec2de88b97b9d01daf944d
26b,n6,mmlu_pro-040,mmlu_pro,True,stop,133.109124,5,f246277cc5248bc3d0e34f18c1e51dbf384b76ba4bc05357a5783df373eefa83
26b,n6,mbpp-030,mbpp,True,stop,440.317949,114,41dd0452b8460de3285cbea232b939d0c6ae050c78c11387cbb2b00d0fffa4fe
26b,n6,mmlu_pro-059,mmlu_pro,False,stop,199.338042,5,f246277cc5248bc3d0e34f18c1e51dbf384b76ba4bc05357a5783df373eefa83
26b,n6,ifeval-016,ifeval,False,stop,101.059278,3,756323b169728673341620db9f90fdab034169535fd52280c13cc5af618f5593
26b,n6,mbpp-000,mbpp,True,stop,165.246993,26,90666dec8e32d5e80e629629c1213cbb2d7b2f3cfca888f1faefc83af9f0625d
26b,n6,gsm8k-023,gsm8k,True,stop,1035.886466,342,6db9236089135f8aae64301261fc788894abadbb7a49efe33ef5e2227301348f
26b,n6,gsm8k-046,gsm8k,True,stop,363.038592,93,5ceba11bc5be26456b1d9a7e2bc14b7e5e1ee5ba229580805fb3dd062cafcee2
26b,n6,mbpp-032,mbpp,True,stop,367.233409,83,9e0837a89ac59a00f6a7c970b45bd4cbd81ac27f842af5a57cb9802178c0cbdf
26b,n6,gsm8k-037,gsm8k,False,stop,1417.262653,400,7569e4230394f348b5d6e4adc72144c9d27c99d612d830a2ef06a5ed73b0d201
26b,n6,ifeval-001,ifeval,True,stop,1273.58203,194,1f78fddde506413e351352c2df438087def1306dd0350fd30e875d8b74ccd0a9
26b,n6,gsm8k-055,gsm8k,True,stop,512.861584,161,567114c50963387e618870f30d22c94c3b6eb56fa6452f8d99c3329912132cfa
26b,n6,mmlu_pro-035,mmlu_pro,True,stop,139.128419,5,7f12398eab61eabfade2a1506d641f27c6035a371dd16cf1e5bbce8ac82b36d3
26b,n6,ifeval-002,ifeval,True,stop,1046.927161,164,c99f7abcdcaa9720a7d7c8a5d18292f6415816838dd3937ba85dd468b02c7093
26b,n6,gsm8k-025,gsm8k,True,stop,513.966248,155,c8b7111bea2fb5b82761816643a84bdcbcd828be1a38815bb5d2d730db7dc57e
26b,n6,mmlu_pro-028,mmlu_pro,True,stop,147.108854,5,2b811e58a6e1fde6992eb1ffe81c5357d5db8e2e33099f28d9e9b0d6f756ed0b
26b,n6,gsm8k-052,gsm8k,True,stop,676.158332,212,688333810646be177f371617438b10201122e2ae54e4d8196269e5afb6110c88
26b,n6,mmlu_pro-026,mmlu_pro,False,stop,162.223525,5,44bbaa39dea1d8838a3788f80b48ef0ed54d451655d0bf526734658ec6af622f
26b,n6,mmlu_pro-000,mmlu_pro,False,stop,170.700814,5,2b811e58a6e1fde6992eb1ffe81c5357d5db8e2e33099f28d9e9b0d6f756ed0b
26b,n6,mmlu_pro-050,mmlu_pro,False,stop,201.150019,5,2b811e58a6e1fde6992eb1ffe81c5357d5db8e2e33099f28d9e9b0d6f756ed0b
26b,n6,mmlu_pro-023,mmlu_pro,False,stop,199.878925,5,f246277cc5248bc3d0e34f18c1e51dbf384b76ba4bc05357a5783df373eefa83
26b,n6,ifeval-020,ifeval,False,stop,1907.564016,318,c311c740b41c69bc499c8dc1b8bfa70ae6c39f1282c937dae9eca794e6b23eca
26b,n6,ifeval-000,ifeval,True,stop,938.945216,189,4f845faaf56b24e837af2731fcbe69b3d17093b3a8eba992e0c0a0d296bbebe8
26b,n6,gsm8k-040,gsm8k,True,stop,650.365597,193,27763bc156a765d2fc8eae5acdabe99a32b5a8e2889ecf5e6aa7b8bb64b641ca
26b,n6,mmlu_pro-027,mmlu_pro,False,stop,147.576258,5,0b881d9aefb8729ec3519b9fc950d22641f552cae9e7b7c3d836e5049ae2a6eb
26b,n6,mmlu_pro-046,mmlu_pro,False,stop,172.985731,5,44bbaa39dea1d8838a3788f80b48ef0ed54d451655d0bf526734658ec6af622f
26b,n6,gsm8k-008,gsm8k,True,stop,739.945134,212,dc48ec797a40c71b29792c502990ae328200d87a8aa8f4dc8e8e4f89a8b03e42
26b,n6,gsm8k-050,gsm8k,False,stop,646.175179,156,2a1bf8233466fcbade455f01305a70cc8bac568ee373a2d30dd46d23e028bd00
26b,n6,gsm8k-019,gsm8k,True,stop,597.770543,161,1f75fb37b67bdf7845093af7567c354bc757d3588973ff56431c07e0dcf308b9
26b,n6,gsm8k-014,gsm8k,True,stop,1000.053881,291,b9b872123eb9c96cc9edd4955a6776af862f65cef7ace2c5b7246fc93fd58751
26b,n6,ifeval-022,ifeval,True,stop,722.14881,113,920fadcd54ea5ef17fdc2491af4eec09f95bc75ca0be1a91874adce469e26cc8
26b,n6,gsm8k-031,gsm8k,True,stop,787.845753,236,25111992fee441a3ec5b946933a70e3063fc55c53c96d2c556a08db8d0a5bc69
26b,n6,gsm8k-051,gsm8k,True,stop,727.24505,231,904025a261b60d447f2a14904d29a3b8062b6cbdca49b226bb64b109bac606ad
26b,n6,mmlu_pro-058,mmlu_pro,True,stop,190.563787,5,383107968fb4dbad920fba520520a41a0449a7214bbf4a8288643187983af7c9
26b,n6,ifeval-014,ifeval,True,stop,1874.793269,328,6a209981a500200b488d1c34cc48b7f0c509d6e88f76ffd8a49871d2a76c0316
26b,n6,mmlu_pro-002,mmlu_pro,False,stop,160.555351,5,2b811e58a6e1fde6992eb1ffe81c5357d5db8e2e33099f28d9e9b0d6f756ed0b
26b,n6,ifeval-023,ifeval,True,stop,1797.700514,248,badfe066404e90ffccdb15bbfdfeac97901c8f8bfaf71184d1bc8189a38a66a7
26b,n6,mmlu_pro-013,mmlu_pro,True,stop,152.73536,5,0b881d9aefb8729ec3519b9fc950d22641f552cae9e7b7c3d836e5049ae2a6eb
26b,n6,gsm8k-047,gsm8k,True,stop,338.559297,89,6769150415ae1694bc3ecb3dc6de73a2b636f20fff6772260fe8d4886f1514c2
26b,n6,mbpp-039,mbpp,True,stop,212.72742,35,df21cfb4c31276176ba552cc14abae47702e5f7deb9b3cb1ed37c88d89259258
26b,n6,ifeval-013,ifeval,True,stop,1089.003813,156,8e054f320bc8c22e4d77faff1ec2c3c807a8201f9f23f641628dc2f0f325129d
26b,n6,mmlu_pro-031,mmlu_pro,True,stop,120.685123,5,2b811e58a6e1fde6992eb1ffe81c5357d5db8e2e33099f28d9e9b0d6f756ed0b
26b,n6,mmlu_pro-042,mmlu_pro,False,stop,158.665585,5,e7e621df907fc16c9b06df06caf0acd9c4800660de102246b77df7a00426983a
26b,n6,mmlu_pro-004,mmlu_pro,True,stop,216.658798,5,75a8382d1f0eeb8ade3ff32fd5d253d6d61f5569a8c8c7a7f2fa4e891b73e012
26b,n6,mbpp-019,mbpp,True,stop,439.193737,85,9246b8fd1b774f93bf1b5d111751af23eb7f4a04b3edf373f23bc79f1788b8d9
26b,n6,mmlu_pro-037,mmlu_pro,True,stop,206.508643,5,383107968fb4dbad920fba520520a41a0449a7214bbf4a8288643187983af7c9
26b,n6,mmlu_pro-036,mmlu_pro,True,stop,130.204874,5,79c14ef69b8803008a7947090ee9d8b4065c49bc1b60dd0d647e9b27f2aac0bd
26b,n6,mmlu_pro-039,mmlu_pro,True,stop,105.717942,5,0b881d9aefb8729ec3519b9fc950d22641f552cae9e7b7c3d836e5049ae2a6eb
26b,n6,gsm8k-011,gsm8k,True,stop,339.93541,76,6fd3329dcc91917a4f464531f3fc8f064cf8576f5d08aec7ffefd66b99fa5a0b
26b,n6,mmlu_pro-032,mmlu_pro,True,stop,159.86965,5,e192490fee64ad593d0794e211855b9bb10e590dbd903c73641084fcd6da0256
26b,n6,mmlu_pro-025,mmlu_pro,True,stop,227.876191,5,e7e621df907fc16c9b06df06caf0acd9c4800660de102246b77df7a00426983a
26b,n6,mbpp-025,mbpp,True,stop,436.708323,80,e287984195e830c9e160f5c11fe7fb397db0946398638f77be47852ea0915cef
26b,n6,mbpp-002,mbpp,True,stop,345.796517,101,74f0513651bafe66efa36352ec55fd56ef645ae0a59e5c37f56488fe1822e5e2
26b,n6,gsm8k-041,gsm8k,True,stop,304.358124,77,3cf399b709564d78b55d0ef5e71dadc7d2901fea7c42d01c38117fa605084334
26b,n6,ifeval-008,ifeval,False,stop,1103.737144,165,ebc7500fd7257d2afcde39642b8f13ca461dc2594cc89520bdb6b314124a1644
26b,n6,gsm8k-001,gsm8k,True,stop,832.85473,245,4210f235d52407784f3f88dca3802e076810522c5aacac332a452197a0150c29
26b,n6,gsm8k-003,gsm8k,True,stop,976.97132,279,05a6af4343eebb223aa4b88342ba89f5b4023980b4f3711649bd0793ca0af38e
26b,n6,mmlu_pro-018,mmlu_pro,False,stop,217.57454,5,2b811e58a6e1fde6992eb1ffe81c5357d5db8e2e33099f28d9e9b0d6f756ed0b
26b,n6,gsm8k-043,gsm8k,True,stop,576.562472,158,cfa23b4e494d42ea6065b447af9967ac5033b64a76134f85dab7f29f32550ca8
26b,n6,mmlu_pro-053,mmlu_pro,False,stop,164.369839,5,e192490fee64ad593d0794e211855b9bb10e590dbd903c73641084fcd6da0256
26b,n6,mmlu_pro-022,mmlu_pro,True,stop,223.428941,5,75a8382d1f0eeb8ade3ff32fd5d253d6d61f5569a8c8c7a7f2fa4e891b73e012
26b,n6,ifeval-034,ifeval,True,stop,1441.144363,249,0a74d3f179116f5cb5e7aae9384ef496855b34d974585f0291ad8aa4fb827717
26b,n6,ifeval-018,ifeval,False,stop,3599.366843,536,385aebd38e4426737591d182eb324b012c0388d5a559598ed6c67984bb32fe1d
26b,n6,gsm8k-036,gsm8k,True,stop,604.921874,164,d0f71858e208dcf7fbff2d3240ed28757732f0a532ab0ebb2a615b8ede804033
26b,n6,gsm8k-035,gsm8k,False,stop,1176.916173,379,7b397aa12d04973f927e54b7d7f7cfd8b6f32476896932316c48d8501164aa46
26b,n6,mmlu_pro-051,mmlu_pro,False,stop,172.958377,5,0b881d9aefb8729ec3519b9fc950d22641f552cae9e7b7c3d836e5049ae2a6eb
26b,n6,mmlu_pro-044,mmlu_pro,True,stop,155.905335,5,e7e621df907fc16c9b06df06caf0acd9c4800660de102246b77df7a00426983a
26b,n6,mmlu_pro-008,mmlu_pro,True,stop,166.119213,5,e7e621df907fc16c9b06df06caf0acd9c4800660de102246b77df7a00426983a
26b,n6,ifeval-019,ifeval,True,stop,2817.654232,452,303b7c08225379424cdc64a91548c6590dfa4b4c328be539152f4c64205a368f
26b,n6,mmlu_pro-016,mmlu_pro,True,stop,158.306439,5,0b881d9aefb8729ec3519b9fc950d22641f552cae9e7b7c3d836e5049ae2a6eb
26b,n6,mmlu_pro-015,mmlu_pro,True,stop,126.287828,5,2b811e58a6e1fde6992eb1ffe81c5357d5db8e2e33099f28d9e9b0d6f756ed0b
26b,n6,gsm8k-053,gsm8k,True,stop,635.362729,191,8e49fd9bf4c6d093f7bc137f1d55bc9d89900c106be64b4a38b1f02bd67d00c6
26b,n6,ifeval-033,ifeval,True,stop,263.020884,26,4569db9645b782aab0f20f3e2d379ae623926452c611a07c4d66c6083a2ee180
26b,n6,ifeval-030,ifeval,True,stop,2124.516003,570,d7a4587f0d1449cb113e10fe75c5c46297637c5c5b3777b6611347033b44128f
26b,n6,ifeval-029,ifeval,True,stop,1926.620234,304,bb8ef19ab3b7fbccdc7a11e9645417f053e69fb139e3ba95f36542764db6dfef
26b,n6,gsm8k-017,gsm8k,True,stop,430.277499,93,aaf9e02fc8114eecb8a262b36095edf58a907cc3b2cb8aa90ab6c1a5fa801e76
26b,n6,mmlu_pro-043,mmlu_pro,True,stop,129.256711,5,e192490fee64ad593d0794e211855b9bb10e590dbd903c73641084fcd6da0256
26b,n6,ifeval-009,ifeval,True,stop,2490.081981,435,c24df4f38629e3113dbd96b4024f37c63c21d4ee0f33594d4b6e7b78d5eac32d
26b,n6,ifeval-006,ifeval,True,stop,490.494652,89,61c54082dd65c1cdb333af3ef1450fba62854dd34ce327122d609744de829ec9
26b,n6,ifeval-032,ifeval,True,stop,139.386141,17,072670cc6bc912bb9c592e628810efc6f97d812d3e1084a7fa11ecea3be4c928
26b,n6,ifeval-035,ifeval,True,stop,177.512371,28,6b96478ab9765932c3e29ab640e3736ed74ab67a8e11ce95b806e885b16adbcc
26b,n6,ifeval-004,ifeval,True,stop,2521.460641,507,1c0225d87f7d9b22e1e2b2024285374a6642e1c1961213a455f8c63e3dc75764
26b,n6,mmlu_pro-019,mmlu_pro,False,stop,231.724549,5,2b811e58a6e1fde6992eb1ffe81c5357d5db8e2e33099f28d9e9b0d6f756ed0b
26b,n6,mmlu_pro-003,mmlu_pro,True,stop,180.108721,5,0b881d9aefb8729ec3519b9fc950d22641f552cae9e7b7c3d836e5049ae2a6eb
26b,n6,gsm8k-034,gsm8k,False,stop,1031.053765,320,866b81e4ba2364ede9c21b6dabbd6fe8de4e5acbbaaa83137a9b72a79995fc54
26b,n6,mmlu_pro-020,mmlu_pro,False,stop,219.301471,5,7f12398eab61eabfade2a1506d641f27c6035a371dd16cf1e5bbce8ac82b36d3
26b,n6,mmlu_pro-048,mmlu_pro,True,stop,132.224507,5,f246277cc5248bc3d0e34f18c1e51dbf384b76ba4bc05357a5783df373eefa83
26b,n6,mbpp-018,mbpp,True,stop,903.725874,268,87c924170dd3df7913aefc9c630d01462edd6b79ddc2c35ab4b4493bda5a426e
26b,n6,gsm8k-022,gsm8k,True,stop,630.186551,186,86393e3a819b0de289039819a662527736599aa51205a2c63b59fa4824dda7d3
26b,n6,mmlu_pro-009,mmlu_pro,True,stop,172.363775,5,7f12398eab61eabfade2a1506d641f27c6035a371dd16cf1e5bbce8ac82b36d3
26b,n6,gsm8k-057,gsm8k,True,stop,751.585952,211,0139574367a7004ab354c1092c9a4ff822385c231d2534ccd7e0f01229d2e9e7
26b,n6,gsm8k-009,gsm8k,False,length,1717.276464,512,6f9aa59afa92ed3f41da0ac2d042409dbdfae552a4fe5ae782e473a45eac5d45
26b,n6,mmlu_pro-047,mmlu_pro,True,stop,205.884197,5,f246277cc5248bc3d0e34f18c1e51dbf384b76ba4bc05357a5783df373eefa83
26b,n6,gsm8k-020,gsm8k,True,stop,638.057878,173,fbd5aa795a0266bc5de3e315c664677b3fdf49af76e53dda223d024d4bf34041
26b,n6,gsm8k-044,gsm8k,True,stop,638.689122,193,97fa7470a3d22524895a5f3fe1f01ff71b0c721d0f7f20b3e84467f7c54f9200
26b,n6,gsm8k-013,gsm8k,True,stop,493.137921,146,3b6de6d89d518338f391a52af3c9f0a612bd0f89fef853ddd76b7265940acf98
26b,n6,ifeval-010,ifeval,True,stop,2365.153827,371,d229b3d31d77f1cff301a5f1ba275032e806537f51c31301a3aa7abd9fb5eda3
26b,n6,mbpp-022,mbpp,True,stop,239.612034,36,0de54c5f0b17f075fcf6b40205e874d57cddc5d15fb264c75bb341a73617141e
26b,n6,mmlu_pro-011,mmlu_pro,False,stop,165.076128,5,7f12398eab61eabfade2a1506d641f27c6035a371dd16cf1e5bbce8ac82b36d3
26b,n6,mbpp-038,mbpp,True,stop,263.154785,58,3d96f137f89b31b2626ee0667d02d2eef0b076b9d3191d5b47e56ea615174d56
26b,n6,gsm8k-056,gsm8k,True,stop,663.031738,205,5b2a610af929d8f9fda2dabd03d16d24b18309c25bd5efd2060d9e29612595bd
26b,n6,gsm8k-010,gsm8k,True,stop,475.445696,141,d4208efd534cc49b798d6fd4a6d2a09a74d45046548152ec742daff93a88460d
26b,n6,mbpp-037,mbpp,True,stop,254.575834,45,b0d87a4f246ab0c8abbec4db556c2753bbc57afbbd24e7a4946f2e333bf0144d
26b,n6,mbpp-028,mbpp,True,stop,394.872889,113,7f2ffc0dc71f42137098faf710ad71b1e8c9d418124541aa4ef79e84738101a1
26b,n6,mmlu_pro-021,mmlu_pro,True,stop,201.722088,5,e192490fee64ad593d0794e211855b9bb10e590dbd903c73641084fcd6da0256
26b,n6,gsm8k-004,gsm8k,True,stop,513.737503,127,403acf20e2ab7f1066d703466eeec538c82750e216ccaab213fbb344599ebda7
26b,n6,mmlu_pro-005,mmlu_pro,False,stop,169.178551,5,75a8382d1f0eeb8ade3ff32fd5d253d6d61f5569a8c8c7a7f2fa4e891b73e012
26b,n6,mbpp-007,mbpp,False,length,2062.544418,512,15896e7203ca1d061aa7c130d3574e5cf5d25f678beb9e792829534d8c27fc51
26b,n6,mbpp-006,mbpp,True,stop,797.210013,211,7d0eb15783358a270f5dedc23dcf7594033f3d9fde506b61561b2d4d6f78792e
26b,n6,gsm8k-033,gsm8k,True,stop,743.278978,236,625fa8802b25304e76cac2a41d6954d5301b51205cdcc46dceca5a60140baecc
26b,n6,gsm8k-058,gsm8k,True,stop,987.918509,289,2fa2dad5e979df61118068c00ce2edca264878b6e7899b07855c6b9097ec1293
26b,n6,mmlu_pro-007,mmlu_pro,False,stop,209.912575,5,75a8382d1f0eeb8ade3ff32fd5d253d6d61f5569a8c8c7a7f2fa4e891b73e012
26b,n6,ifeval-038,ifeval,True,stop,199.206717,22,b8f92532cafbc136992d57c88773e682c2d8d27746d52b7e1e19774fd5ba3c4c
26b,n6,ifeval-031,ifeval,True,stop,710.295527,109,7b7e28ed5263a57595f51068d7949e7fb93d658b5b4d71e88704cf7e2a09119b
26b,n6,mmlu_pro-056,mmlu_pro,True,stop,132.964917,5,e192490fee64ad593d0794e211855b9bb10e590dbd903c73641084fcd6da0256
26b,n6,mmlu_pro-045,mmlu_pro,True,stop,274.45649,5,75a8382d1f0eeb8ade3ff32fd5d253d6d61f5569a8c8c7a7f2fa4e891b73e012
26b,n6,ifeval-007,ifeval,False,stop,424.818791,49,3b7ffc4d9db3911ad7200acb2eaa4ff12d3552a7eac7eace0e5580e43d15d24e
26b,n6,mmlu_pro-030,mmlu_pro,True,stop,120.776504,5,7f12398eab61eabfade2a1506d641f27c6035a371dd16cf1e5bbce8ac82b36d3
26b,n6,ifeval-017,ifeval,True,stop,2641.511298,508,368e82b49a990d446aa63dbf2108dcbf001afad67c5901f598ac867275746e23
26b,n6,mmlu_pro-054,mmlu_pro,False,stop,148.296249,5,e7e621df907fc16c9b06df06caf0acd9c4800660de102246b77df7a00426983a
26b,n6,gsm8k-059,gsm8k,True,stop,746.588457,226,175bf8a941d4213d15ee5d3924735f70fb044341913435c91a02c91db416ec87
26b,n6,ifeval-003,ifeval,True,stop,2585.846578,486,4591219e9c0e40b8c303e3ed43c91746a6f48661cbc337f5f47cf991b71a951f
26b,n6,mbpp-024,mbpp,True,stop,958.252189,241,8b372cc1f46b6444ca4301a807d9f74b6c72f8291a9f9f226d05763f3942b7ce
26b,n6,gsm8k-038,gsm8k,True,stop,1466.087672,428,559ea28ec9cf47fe4692b88d494c197fcd0c889aa18a803c67a4f9c2385b5a32
26b,n6,gsm8k-021,gsm8k,True,stop,594.640618,159,94eff9f3f2f258813ac8054a8929fc5715d9cf1ce187a253c379f51c2626701a
26b,n6,mbpp-008,mbpp,True,stop,244.066322,37,b9c3891975dc17ad1c5ddeedb3e45f00247bb080fa933dfed4ebc7e6ea84f63b
26b,n6,mmlu_pro-057,mmlu_pro,True,stop,238.143819,5,f246277cc5248bc3d0e34f18c1e51dbf384b76ba4bc05357a5783df373eefa83
26b,n6,mbpp-033,mbpp,False,length,2137.455805,512,f82ac33fe44e25723391b1cd458bac5160d24f4f516bb072065b62837092e683
26b,n6,ifeval-021,ifeval,True,stop,937.60041,164,598675aec71d9e3dcfaef4610e37365f1320515599ceb11ed67beb36d393c271
26b,off_b,ifeval-011,ifeval,True,stop,392.879014,62,a8d3947f2034dd9bc2e319bd2ca5a35ed0a852acc7cd07fd55ce4d013ef3d294
26b,off_b,gsm8k-008,gsm8k,True,stop,1234.060803,200,96a8ecaedc11db6b14664bf5cdcdf00ba6384421d47eba4813388d818e5d0592
26b,off_b,mmlu_pro-035,mmlu_pro,True,stop,157.577901,5,7f12398eab61eabfade2a1506d641f27c6035a371dd16cf1e5bbce8ac82b36d3
26b,off_b,ifeval-025,ifeval,True,stop,3004.719433,509,34b8bd7f2e6eaf43ec2dd59805b74171b1b8894a5480aeecb8608c915fb6ad77
26b,off_b,gsm8k-055,gsm8k,True,stop,1037.01967,161,567114c50963387e618870f30d22c94c3b6eb56fa6452f8d99c3329912132cfa
26b,off_b,ifeval-027,ifeval,False,stop,3938.822457,680,cc2f96dc57849ca1f2305be3088b037214a0730fc224a5d8ed1dab6221740f71
26b,off_b,ifeval-031,ifeval,True,stop,647.276878,91,ce500f47f1dc446bbbfe222f85efb7133063d0df04dcb58953dae68f1924ab38
26b,off_b,gsm8k-049,gsm8k,True,stop,948.622946,155,a921334228865af0f481d9614e18b40bde5bb1eb113e6dcf49e733cb3c12637e
26b,off_b,gsm8k-046,gsm8k,True,stop,619.182526,95,86d30290de25e4720e2188dd8eab4baf1ecfe58d9e5c7261782243773e39579c
26b,off_b,gsm8k-040,gsm8k,True,stop,1184.704734,193,27763bc156a765d2fc8eae5acdabe99a32b5a8e2889ecf5e6aa7b8bb64b641ca
26b,off_b,gsm8k-000,gsm8k,True,stop,472.577637,67,f99f1f07bc6c8b927a875540c87d76c49387ced4c7cc4bfff6f52bb57b884322
26b,off_b,mmlu_pro-019,mmlu_pro,False,stop,170.244713,5,2b811e58a6e1fde6992eb1ffe81c5357d5db8e2e33099f28d9e9b0d6f756ed0b
26b,off_b,ifeval-037,ifeval,True,stop,3123.222958,535,14c56c570e1a1437528bbd86af58547e7793a61008275b50dc85b3bf2ef52f40
26b,off_b,gsm8k-024,gsm8k,True,stop,1032.294788,156,46f6a717bc53fb781c9ceae9df1cecad80c20f36911a9613f407588436725083
26b,off_b,mmlu_pro-039,mmlu_pro,True,stop,136.180481,5,0b881d9aefb8729ec3519b9fc950d22641f552cae9e7b7c3d836e5049ae2a6eb
26b,off_b,mbpp-013,mbpp,True,stop,764.273293,119,ba87158c7b788cf7dab68009d329d431cf9b41debd6418b4d344e78a2818f0b1
26b,off_b,mbpp-034,mbpp,True,stop,492.203972,69,4d4c443c56995d741be7f465d8ba1d11626bf410877b275614a2576d65d752cb
26b,off_b,mmlu_pro-042,mmlu_pro,False,stop,181.136889,5,e7e621df907fc16c9b06df06caf0acd9c4800660de102246b77df7a00426983a
26b,off_b,mmlu_pro-025,mmlu_pro,True,stop,192.086463,5,e7e621df907fc16c9b06df06caf0acd9c4800660de102246b77df7a00426983a
26b,off_b,mmlu_pro-048,mmlu_pro,True,stop,188.68289,5,f246277cc5248bc3d0e34f18c1e51dbf384b76ba4bc05357a5783df373eefa83
26b,off_b,ifeval-015,ifeval,True,stop,697.527366,111,0c8c041b7da93fbb055acdc8bafebd28f2cb930d6f92bc8e58273575fb885009
26b,off_b,ifeval-036,ifeval,True,stop,1064.291901,178,5baa661497e0d749f1fb2c03f6307d447f83c29c4d9ec01d6cd7b127c9e6e192
26b,off_b,mbpp-005,mbpp,False,stop,442.320971,54,4cedae0362c3d366f4e00ef222e2edbd10df886eb058c5b86e6a791e1f81f2a3
26b,off_b,mmlu_pro-044,mmlu_pro,True,stop,207.640271,5,e7e621df907fc16c9b06df06caf0acd9c4800660de102246b77df7a00426983a
26b,off_b,gsm8k-028,gsm8k,True,stop,659.489493,99,008a3b202ae22512601adf88c7e06f9b9b30c552d06b84cd028fa3d8cd0ecc36
26b,off_b,gsm8k-035,gsm8k,False,stop,2242.260543,378,ddff3c94538438170fcf5775767bddb9c324f2b3727f3c842e00f67f6f70560f
26b,off_b,gsm8k-002,gsm8k,True,stop,2358.728496,391,f2d87fc42306da0b31aa98ab1bb7d76ec991abd76d688b0a368484ff8f546611
26b,off_b,mmlu_pro-057,mmlu_pro,True,stop,231.865695,5,f246277cc5248bc3d0e34f18c1e51dbf384b76ba4bc05357a5783df373eefa83
26b,off_b,mbpp-002,mbpp,True,stop,720.644147,101,74f0513651bafe66efa36352ec55fd56ef645ae0a59e5c37f56488fe1822e5e2
26b,off_b,mbpp-027,mbpp,True,stop,436.604584,53,c6bea878f01a3eb77a45734df8c801301f79b77d427d70565de7fe514e396189
26b,off_b,ifeval-024,ifeval,True,stop,1206.104761,193,febcfbd89fb2b506504593c867f944f0a0634204d2d8dc97394a6c073f421cc5
26b,off_b,mbpp-038,mbpp,True,stop,430.211796,58,3d96f137f89b31b2626ee0667d02d2eef0b076b9d3191d5b47e56ea615174d56
26b,off_b,gsm8k-043,gsm8k,True,stop,989.118108,158,cfa23b4e494d42ea6065b447af9967ac5033b64a76134f85dab7f29f32550ca8
26b,off_b,gsm8k-053,gsm8k,True,stop,1261.568134,203,d79d11116ef2b5be907539eff55d1b9b74fcfda0fcf9835815ffb2d5acaa2f7c
26b,off_b,ifeval-012,ifeval,True,stop,2461.929384,417,3d22577f5d603b472d42bdab18c627190028561fb91200220d49656a06942792
26b,off_b,gsm8k-051,gsm8k,True,stop,1425.090341,231,904025a261b60d447f2a14904d29a3b8062b6cbdca49b226bb64b109bac606ad
26b,off_b,gsm8k-011,gsm8k,True,stop,487.444516,70,e0941ac82f6979eb5b5473ac676b7085543b67e91b9984f8ec72a8e667d46fbe
26b,off_b,mmlu_pro-021,mmlu_pro,True,stop,172.133193,5,e192490fee64ad593d0794e211855b9bb10e590dbd903c73641084fcd6da0256
26b,off_b,mbpp-014,mbpp,False,stop,916.147096,136,612c13e00cee419c9959f681d06d9bc66a97cb8e7fce0f79b678e4b625faf2e3
26b,off_b,gsm8k-021,gsm8k,True,stop,1035.181491,159,4815274e312d9059665bae7673f7df2578dc9639d9fc2937bd418ddd2a3d62be
26b,off_b,mbpp-031,mbpp,True,stop,375.766284,48,870c3c71e6b349c79985bda672e838646e0fd8580f454a70fb1f3b44e79eee38
26b,off_b,mbpp-018,mbpp,True,stop,1696.141304,280,d856204749b16006a815d2aa21610d0b500d00cda76ea59661bb7b58918512f3
26b,off_b,mbpp-021,mbpp,True,stop,639.566846,89,14be9e691965c61ccaff5d840a91799834301276f3da67a929d47e25123d2681
26b,off_b,gsm8k-038,gsm8k,False,stop,1780.658631,296,398bb1531e3285066ca0c6bc22c1ad7771f9848f3325bf63eade62cb34f12876
26b,off_b,gsm8k-020,gsm8k,True,stop,1130.800907,179,a00cfa8d5f083ab46eed787b62fc629c95cc50f026fafccb4485cdd0b7c8007a
26b,off_b,mbpp-020,mbpp,True,stop,341.929277,39,b9fbb54da04dac4530d79e61d7c731421a6d495890c45f2ae532364223540357
26b,off_b,mmlu_pro-013,mmlu_pro,True,stop,142.112209,5,0b881d9aefb8729ec3519b9fc950d22641f552cae9e7b7c3d836e5049ae2a6eb
26b,off_b,mmlu_pro-038,mmlu_pro,True,stop,131.242439,5,7f12398eab61eabfade2a1506d641f27c6035a371dd16cf1e5bbce8ac82b36d3
26b,off_b,gsm8k-015,gsm8k,True,stop,765.739993,121,0c34b6241bb6001e6107e95e7cfbf2b2db323537e536062320106a6736825bfc
26b,off_b,mmlu_pro-055,mmlu_pro,True,stop,136.929159,5,75a8382d1f0eeb8ade3ff32fd5d253d6d61f5569a8c8c7a7f2fa4e891b73e012
26b,off_b,mbpp-024,mbpp,True,stop,1531.553515,249,95271c56f0e19b14ed5a019207e76ba08665ee2d1a5b6cc8fd225b040c27f8c1
26b,off_b,mmlu_pro-034,mmlu_pro,False,stop,185.950474,5,f246277cc5248bc3d0e34f18c1e51dbf384b76ba4bc05357a5783df373eefa83
26b,off_b,mmlu_pro-010,mmlu_pro,True,stop,170.670947,5,79c14ef69b8803008a7947090ee9d8b4065c49bc1b60dd0d647e9b27f2aac0bd
26b,off_b,mmlu_pro-040,mmlu_pro,True,stop,190.032397,5,f246277cc5248bc3d0e34f18c1e51dbf384b76ba4bc05357a5783df373eefa83
26b,off_b,mmlu_pro-007,mmlu_pro,False,stop,168.168377,5,75a8382d1f0eeb8ade3ff32fd5d253d6d61f5569a8c8c7a7f2fa4e891b73e012
26b,off_b,ifeval-023,ifeval,True,stop,1398.957286,227,61bda213966eb427e8a56ac4562e7e8fff1c5ca7576d73feab64421e4a456b3c
26b,off_b,mbpp-009,mbpp,True,stop,366.896101,48,0ae66bb5151f35bb386de184770b12519a1f1a5c534e77bc5240a5d57c8760c0
26b,off_b,ifeval-009,ifeval,True,stop,2439.054357,418,804a4f7a47271fae84740eb9cdb89c76e522624f9a15d15040266182270230d0
26b,off_b,gsm8k-054,gsm8k,True,stop,1534.207748,250,89b8275c1eac1fadf017ab38c5ee707a4452e5d0bbc14f6ab1d3ac02fc07acd3
26b,off_b,mmlu_pro-032,mmlu_pro,True,stop,176.007143,5,e192490fee64ad593d0794e211855b9bb10e590dbd903c73641084fcd6da0256
26b,off_b,gsm8k-003,gsm8k,True,stop,1627.591956,265,81ef520c5a83a9cbc12620a189ad5dc5686569fbf327b9084be6a37f7210a3d3
26b,off_b,gsm8k-023,gsm8k,True,stop,2063.249383,342,6db9236089135f8aae64301261fc788894abadbb7a49efe33ef5e2227301348f
26b,off_b,mmlu_pro-029,mmlu_pro,True,stop,178.818089,5,0b881d9aefb8729ec3519b9fc950d22641f552cae9e7b7c3d836e5049ae2a6eb
26b,off_b,gsm8k-001,gsm8k,True,stop,1303.014109,211,8b34441fcc4effc237cc22cd0048fd238535f54b8773e47e5800924aa48f493b
26b,off_b,mbpp-008,mbpp,True,stop,335.998075,37,b9c3891975dc17ad1c5ddeedb3e45f00247bb080fa933dfed4ebc7e6ea84f63b
26b,off_b,mmlu_pro-017,mmlu_pro,False,stop,185.697876,5,75a8382d1f0eeb8ade3ff32fd5d253d6d61f5569a8c8c7a7f2fa4e891b73e012
26b,off_b,mbpp-011,mbpp,True,stop,434.394508,54,6b02601a9416085c3183af8cf8867cfdfc5578b9bb1b9a4d8e7c27d331e2bd58
26b,off_b,mmlu_pro-018,mmlu_pro,False,stop,190.696675,5,2b811e58a6e1fde6992eb1ffe81c5357d5db8e2e33099f28d9e9b0d6f756ed0b
26b,off_b,gsm8k-037,gsm8k,False,stop,1578.95435,257,d716e7c58249ec7e0d7b29d5962d3e018ce39402a7d54ebfe84bb4b90e0cbc51
26b,off_b,gsm8k-057,gsm8k,True,stop,1272.628247,204,4f91c53b4d9312f33eb5750ec094843055e4ec241185b275727917301dea850f
26b,off_b,mbpp-029,mbpp,True,stop,946.846964,148,6f1a6b5922a15bf2461f3f9469766c3d65890c45923def42294824352d435ff3
26b,off_b,mmlu_pro-016,mmlu_pro,True,stop,139.482255,5,0b881d9aefb8729ec3519b9fc950d22641f552cae9e7b7c3d836e5049ae2a6eb
26b,off_b,ifeval-004,ifeval,True,stop,3033.128745,522,3a0cbeb6e84a7dead91abb773e7fde95e8969f03459351481819f4f327393720
26b,off_b,gsm8k-047,gsm8k,True,stop,612.723782,89,6769150415ae1694bc3ecb3dc6de73a2b636f20fff6772260fe8d4886f1514c2
26b,off_b,gsm8k-059,gsm8k,True,stop,1366.464018,226,175bf8a941d4213d15ee5d3924735f70fb044341913435c91a02c91db416ec87
26b,off_b,ifeval-005,ifeval,True,stop,2015.707152,341,b5a3c676aab5214dc58ed27877a7813e68116542bbf6169fc8e87d688463000e
26b,off_b,mmlu_pro-000,mmlu_pro,False,stop,192.557599,5,2b811e58a6e1fde6992eb1ffe81c5357d5db8e2e33099f28d9e9b0d6f756ed0b
26b,off_b,gsm8k-052,gsm8k,True,stop,1307.124937,210,b2ee88edadbf6bd31f3a0bf9d3a8620bcd3fa19ef4aa75a5521f36b52ab35657
26b,off_b,gsm8k-042,gsm8k,True,stop,1006.077838,161,256327bb7257d4e57a4ff800abbd46f431314fff4af17b423a3f6d4f041efcdd
26b,off_b,mmlu_pro-031,mmlu_pro,True,stop,128.377287,5,2b811e58a6e1fde6992eb1ffe81c5357d5db8e2e33099f28d9e9b0d6f756ed0b
26b,off_b,mbpp-016,mbpp,True,stop,2156.638774,362,8b60ed18501d6ed55cb0dc2385b5be7a2757fe92a85ae9d60a7ead5adfae3f58
26b,off_b,ifeval-006,ifeval,True,stop,622.034971,90,b927bf3f8943f8a7a265c80215ac4f1c8f4ad1e204bb9d92b1be9beaf6bd7fab
26b,off_b,mmlu_pro-003,mmlu_pro,True,stop,167.209621,5,0b881d9aefb8729ec3519b9fc950d22641f552cae9e7b7c3d836e5049ae2a6eb
26b,off_b,gsm8k-009,gsm8k,False,length,3044.975183,512,a59e399cf6103f0806a0f0230aae5386eb1cf5e0589d8c342b81cc85f837c700
26b,off_b,mmlu_pro-037,mmlu_pro,True,stop,209.579429,5,383107968fb4dbad920fba520520a41a0449a7214bbf4a8288643187983af7c9
26b,off_b,ifeval-010,ifeval,True,stop,2077.536091,349,7147fc70dc412c0b8493e76b855580f6614e6ffc19fa5edbd2ea79589103594b
26b,off_b,ifeval-020,ifeval,True,stop,1945.694617,326,479305446a1f16f9cfc5c1d002dced908bd5b69f2c67e0c834bcb4eeacae23aa
26b,off_b,mmlu_pro-026,mmlu_pro,False,stop,153.760036,5,44bbaa39dea1d8838a3788f80b48ef0ed54d451655d0bf526734658ec6af622f
26b,off_b,mbpp-007,mbpp,False,length,3016.668574,512,5ca9dc82575df50fd6d3e5cbfaae20cfb2086159a949f907fce2c253d8bb7b1f
26b,off_b,mmlu_pro-028,mmlu_pro,True,stop,193.11971,5,2b811e58a6e1fde6992eb1ffe81c5357d5db8e2e33099f28d9e9b0d6f756ed0b
26b,off_b,mmlu_pro-043,mmlu_pro,True,stop,138.70239,5,e192490fee64ad593d0794e211855b9bb10e590dbd903c73641084fcd6da0256
26b,off_b,gsm8k-039,gsm8k,True,stop,2430.708416,413,dc07bb5a2a12676ba0696b32192583e2bfc99c7b795c175fdb4c9d14065314eb
26b,off_b,mmlu_pro-027,mmlu_pro,False,stop,160.55803,5,0b881d9aefb8729ec3519b9fc950d22641f552cae9e7b7c3d836e5049ae2a6eb
26b,off_b,ifeval-018,ifeval,False,stop,3205.51854,549,d9f0174c3c7320394904f076cfb4b4c8c2a316456df063e4ce7e0232c064df81
26b,off_b,ifeval-016,ifeval,False,stop,132.341021,3,756323b169728673341620db9f90fdab034169535fd52280c13cc5af618f5593
26b,off_b,ifeval-039,ifeval,True,stop,311.325939,47,f1a9396ae22af757a401640d8a107e4ab714a7fc29cf7a8f48f3fa975423dc2d
26b,off_b,ifeval-033,ifeval,True,stop,198.528749,26,4569db9645b782aab0f20f3e2d379ae623926452c611a07c4d66c6083a2ee180
26b,off_b,ifeval-014,ifeval,True,stop,2287.689671,394,4f7529df94945891dff37c92950a2795cab2d8bd02ef5cd7c8c872decf0b8302
26b,off_b,gsm8k-012,gsm8k,True,stop,618.853182,91,2223b738487bf9f40b3bbf4bf306cb2a64dd364748f07af2d562b2f1eae2a1b4
26b,off_b,ifeval-002,ifeval,True,stop,986.937164,166,8e77a96a9edf3f7f573ae9468a065fe2c8167de2648d2b064f7af9692129061e
26b,off_b,gsm8k-018,gsm8k,True,stop,532.75028,79,96ae1629157a0c0caf49b2f979d2dc56a842eef96769c2fd728e8dab2b52b752
26b,off_b,mbpp-030,mbpp,True,stop,754.950896,114,41dd0452b8460de3285cbea232b939d0c6ae050c78c11387cbb2b00d0fffa4fe
26b,off_b,mbpp-025,mbpp,True,stop,595.537626,80,e287984195e830c9e160f5c11fe7fb397db0946398638f77be47852ea0915cef
26b,off_b,gsm8k-033,gsm8k,True,stop,1308.635115,210,b9816608863f569cc550e1e62781efcf893e4efd03c43847ee076a03f5151398
26b,off_b,mmlu_pro-049,mmlu_pro,False,stop,184.956105,5,44bbaa39dea1d8838a3788f80b48ef0ed54d451655d0bf526734658ec6af622f
26b,off_b,mbpp-015,mbpp,True,stop,514.801406,72,aeb5e99e6c9fda6f10b362490a5eae3fcd336e45eb5d85798fe1355edf018a1a
26b,off_b,ifeval-008,ifeval,False,stop,1016.419179,168,4019026215d9400abfc6687627d44ae78dd2cce7d063113f06562f1e211bc6cb
26b,off_b,gsm8k-006,gsm8k,True,stop,925.362462,148,a6289379bd2c55ce8003d9dc822ad46219637c542f5b66b7f4caf667132f4525
26b,off_b,mbpp-037,mbpp,True,stop,367.670271,45,b0d87a4f246ab0c8abbec4db556c2753bbc57afbbd24e7a4946f2e333bf0144d
26b,off_b,mmlu_pro-036,mmlu_pro,True,stop,137.912323,5,79c14ef69b8803008a7947090ee9d8b4065c49bc1b60dd0d647e9b27f2aac0bd
26b,off_b,ifeval-028,ifeval,True,stop,2901.620557,500,193e627d540428732b7967b19ca33aa6f48e40e301bd325682c84411cfe48380
26b,off_b,mbpp-035,mbpp,True,stop,801.407939,119,9c77efdfc509033b1fa892a1b8be4e0b80a24bfa73527d2e982b4ebece38a82e
26b,off_b,mmlu_pro-014,mmlu_pro,True,stop,148.526395,5,0b881d9aefb8729ec3519b9fc950d22641f552cae9e7b7c3d836e5049ae2a6eb
26b,off_b,mmlu_pro-058,mmlu_pro,True,stop,176.549437,5,383107968fb4dbad920fba520520a41a0449a7214bbf4a8288643187983af7c9
26b,off_b,gsm8k-004,gsm8k,True,stop,819.368435,127,403acf20e2ab7f1066d703466eeec538c82750e216ccaab213fbb344599ebda7
26b,off_b,ifeval-021,ifeval,True,stop,989.015389,161,0b542fce93c8f8a9d078b7f3055fc443fd3ace5e844601abf276a307f967f0ca
26b,off_b,ifeval-034,ifeval,True,stop,1521.799555,254,1aa3b92cbfb073d00deab02f02feaa8c98f1f4a5c89be22968a521f4aaccdf05
26b,off_b,mmlu_pro-041,mmlu_pro,True,stop,156.623331,5,e192490fee64ad593d0794e211855b9bb10e590dbd903c73641084fcd6da0256
26b,off_b,gsm8k-048,gsm8k,True,stop,1135.350905,179,84afabaec69303f8b34493301a67cc7e8cb3dabbd686b046147dab5ee26ab793
26b,off_b,gsm8k-013,gsm8k,True,stop,934.910457,146,3b6de6d89d518338f391a52af3c9f0a612bd0f89fef853ddd76b7265940acf98
26b,off_b,ifeval-032,ifeval,True,stop,177.518438,17,072670cc6bc912bb9c592e628810efc6f97d812d3e1084a7fa11ecea3be4c928
26b,off_b,mbpp-026,mbpp,True,stop,462.322681,70,11929beb76245890f5cfbd5e0319688f45048d8ffad43557e4a3ea51f7cf4dd7
26b,off_b,mmlu_pro-045,mmlu_pro,True,stop,221.798203,5,75a8382d1f0eeb8ade3ff32fd5d253d6d61f5569a8c8c7a7f2fa4e891b73e012
26b,off_b,mmlu_pro-015,mmlu_pro,True,stop,207.088392,5,2b811e58a6e1fde6992eb1ffe81c5357d5db8e2e33099f28d9e9b0d6f756ed0b
26b,off_b,mmlu_pro-023,mmlu_pro,False,stop,179.114071,5,f246277cc5248bc3d0e34f18c1e51dbf384b76ba4bc05357a5783df373eefa83
26b,off_b,mmlu_pro-053,mmlu_pro,False,stop,164.889906,5,e192490fee64ad593d0794e211855b9bb10e590dbd903c73641084fcd6da0256
26b,off_b,mmlu_pro-022,mmlu_pro,True,stop,199.403588,5,75a8382d1f0eeb8ade3ff32fd5d253d6d61f5569a8c8c7a7f2fa4e891b73e012
26b,off_b,ifeval-019,ifeval,True,stop,2641.630028,443,743e67289ddc699316966bef71804900a159670af3b656c0823e5ff25c89064d
26b,off_b,gsm8k-044,gsm8k,True,stop,1565.058745,251,682e335c7fc8ceb5144362f2d6a6b5d8dfc5f1e7451b5930102bda3e23562b7c
26b,off_b,ifeval-001,ifeval,True,stop,1209.038121,199,996c9441b85949ca1d95d229a04e1ff925391aa24a91c3576ae178b3ee028ffb
26b,off_b,mmlu_pro-030,mmlu_pro,True,stop,147.686026,5,7f12398eab61eabfade2a1506d641f27c6035a371dd16cf1e5bbce8ac82b36d3
26b,off_b,mbpp-004,mbpp,False,stop,397.873672,53,573070133826250b34f2703a3408676b7e98ebe023e96a87ed7811d99a494207
26b,off_b,gsm8k-045,gsm8k,True,stop,1132.552563,184,b3a13802a5fa6ccfd877dc69300a6ea7f4b2a25e8cd61a3e3e769927dc731060
26b,off_b,mbpp-033,mbpp,False,stop,1805.907989,292,f210df911bbe0af07687b7dabf4e5d0499b5ed1d1014572ac8e49bed7a8e1cf5
26b,off_b,gsm8k-030,gsm8k,True,stop,1809.924832,295,0515917676e403ef2626adbc85484b3b3bc3c1be88d2d3ab37fbefc7c74a47a0
26b,off_b,gsm8k-056,gsm8k,True,stop,1273.100624,205,5b2a610af929d8f9fda2dabd03d16d24b18309c25bd5efd2060d9e29612595bd
26b,off_b,mmlu_pro-012,mmlu_pro,False,stop,208.413898,5,e192490fee64ad593d0794e211855b9bb10e590dbd903c73641084fcd6da0256
26b,off_b,mmlu_pro-024,mmlu_pro,False,stop,213.648231,5,79c14ef69b8803008a7947090ee9d8b4065c49bc1b60dd0d647e9b27f2aac0bd
26b,off_b,gsm8k-036,gsm8k,True,stop,1031.16297,164,d0f71858e208dcf7fbff2d3240ed28757732f0a532ab0ebb2a615b8ede804033
26b,off_b,mbpp-003,mbpp,True,stop,243.342245,26,2369d5861c9378ec1edd7526f1a7312ee1942a946ef1ad07c6d3816877ac5930
26b,off_b,ifeval-003,ifeval,True,stop,3414.827105,585,3a9db764aa636c5481cf4e853fc2f7c3f69690c2a08d30d13544161eac27d87f
26b,off_b,mmlu_pro-047,mmlu_pro,True,stop,201.317042,5,f246277cc5248bc3d0e34f18c1e51dbf384b76ba4bc05357a5783df373eefa83
26b,off_b,ifeval-029,ifeval,True,stop,1976.166303,333,522ea30cdd25625a76d71776d42123b71228d7332db14cd2673e4401d73c352f
26b,off_b,gsm8k-032,gsm8k,True,stop,1218.998513,194,dff85e67df64af8d7ed1f5633ee471b19fe70c8804ae659c16341477234a579f
26b,off_b,mmlu_pro-005,mmlu_pro,False,stop,173.295434,5,2b811e58a6e1fde6992eb1ffe81c5357d5db8e2e33099f28d9e9b0d6f756ed0b
26b,off_b,ifeval-013,ifeval,True,stop,1056.142174,168,2ac5354d9bb3ab0afdad585c7e0aab21e07c4b6d8faec198035d4ff8ad4743b5
26b,off_b,mmlu_pro-004,mmlu_pro,True,stop,164.618016,5,75a8382d1f0eeb8ade3ff32fd5d253d6d61f5569a8c8c7a7f2fa4e891b73e012
26b,off_b,mbpp-012,mbpp,True,stop,774.903829,108,1078dbec8ca4b236b331f9fad83589018f9ff736bd31e6eda8d2faa26ec2f829
26b,off_b,mmlu_pro-020,mmlu_pro,False,stop,167.364518,5,7f12398eab61eabfade2a1506d641f27c6035a371dd16cf1e5bbce8ac82b36d3
26b,off_b,gsm8k-010,gsm8k,True,stop,945.104306,151,116fae4b398a1c6af9e740f044687684e2ef8811256c0f63f3d9f9732ff1f5da
26b,off_b,mbpp-010,mbpp,True,stop,2224.858463,370,a1970b737367563ae31a33fd61bf0b450a4a5e7df3ae4f2c97eee4f926e293e0
26b,off_b,gsm8k-022,gsm8k,True,stop,1271.17241,203,12d04fe6357faf49add0cd3a2263d43609715132d83814c067aa0fb5decbdadc
26b,off_b,ifeval-000,ifeval,True,stop,1154.5078,190,62865df11dc7316760c8da3c3db932600a61f110179d770d7bcb356ffdad2d18
26b,off_b,mbpp-001,mbpp,True,stop,642.745017,97,6478c8d5903e00bd0706c92d498bf39ba1aad0b762d708a3b2c1a97582c8d08e
26b,off_b,mmlu_pro-052,mmlu_pro,True,stop,196.327972,5,79c14ef69b8803008a7947090ee9d8b4065c49bc1b60dd0d647e9b27f2aac0bd
26b,off_b,mmlu_pro-009,mmlu_pro,True,stop,207.755869,5,7f12398eab61eabfade2a1506d641f27c6035a371dd16cf1e5bbce8ac82b36d3
26b,off_b,mmlu_pro-051,mmlu_pro,False,stop,162.674675,5,0b881d9aefb8729ec3519b9fc950d22641f552cae9e7b7c3d836e5049ae2a6eb
26b,off_b,gsm8k-019,gsm8k,True,stop,959.721823,154,8a1c13bd8ea09b4420a407abb9578547f68935ac9f1603ab65b65be1ded796fb
26b,off_b,gsm8k-005,gsm8k,True,stop,1021.513716,162,0fbac390c1d811bf608f1fc955d2a8ac95a5485aa45c1f7b5faeb1c43a7c2bf1
26b,off_b,ifeval-017,ifeval,True,stop,3216.694438,548,78430c652d519c24c5f775d9e722bf2e5f0e0f6e9623928e11c881234d7bb211
26b,off_b,mmlu_pro-054,mmlu_pro,False,stop,172.854759,5,e7e621df907fc16c9b06df06caf0acd9c4800660de102246b77df7a00426983a
26b,off_b,gsm8k-007,gsm8k,True,stop,1231.460065,200,1891cbc86f9a3cd2ab93e1cd1592c5399ff2b033854438af36ef1acb54c337c5
26b,off_b,mbpp-039,mbpp,True,stop,337.937782,35,df21cfb4c31276176ba552cc14abae47702e5f7deb9b3cb1ed37c88d89259258
26b,off_b,gsm8k-025,gsm8k,True,stop,1004.37413,155,c8b7111bea2fb5b82761816643a84bdcbcd828be1a38815bb5d2d730db7dc57e
26b,off_b,gsm8k-014,gsm8k,True,stop,1776.55179,291,b9b872123eb9c96cc9edd4955a6776af862f65cef7ace2c5b7246fc93fd58751
26b,off_b,mbpp-000,mbpp,True,stop,277.579257,26,90666dec8e32d5e80e629629c1213cbb2d7b2f3cfca888f1faefc83af9f0625d
26b,off_b,ifeval-030,ifeval,True,stop,3731.990818,644,edfcfdf7d8e47e87d88e4501d7a2f2247753f1c67b2b8a4839af6b77d4cb6237
26b,off_b,mbpp-017,mbpp,True,stop,1496.431868,236,18d1138647779337b11a39d2b8387eb8a97b55f89b11198a54c9722aca7615af
26b,off_b,mmlu_pro-033,mmlu_pro,True,stop,142.130768,5,79c14ef69b8803008a7947090ee9d8b4065c49bc1b60dd0d647e9b27f2aac0bd
26b,off_b,mbpp-006,mbpp,True,stop,1279.575286,214,3fc0000046150071aa5f8e460b3cbda0f19ca422c6227bc0e98672b9e7987a49
26b,off_b,gsm8k-041,gsm8k,True,stop,529.564496,77,3cf399b709564d78b55d0ef5e71dadc7d2901fea7c42d01c38117fa605084334
26b,off_b,mmlu_pro-002,mmlu_pro,False,stop,129.394311,5,2b811e58a6e1fde6992eb1ffe81c5357d5db8e2e33099f28d9e9b0d6f756ed0b
26b,off_b,mmlu_pro-001,mmlu_pro,True,stop,157.856878,5,75a8382d1f0eeb8ade3ff32fd5d253d6d61f5569a8c8c7a7f2fa4e891b73e012
26b,off_b,gsm8k-027,gsm8k,True,stop,1762.67795,290,dd523ab7a00db52d79d5682906f582247f3740e73d0279f093d5e5b43a1215e6
26b,off_b,mmlu_pro-008,mmlu_pro,True,stop,172.923504,5,e7e621df907fc16c9b06df06caf0acd9c4800660de102246b77df7a00426983a
26b,off_b,mmlu_pro-011,mmlu_pro,False,stop,167.221734,5,7f12398eab61eabfade2a1506d641f27c6035a371dd16cf1e5bbce8ac82b36d3
26b,off_b,gsm8k-017,gsm8k,True,stop,621.834356,93,c9b1b60bedca5ef6ae892605a83204c7194d2e504c2b2bf5d0d7c7e0decdbec1
26b,off_b,mmlu_pro-050,mmlu_pro,False,stop,158.796774,5,2b811e58a6e1fde6992eb1ffe81c5357d5db8e2e33099f28d9e9b0d6f756ed0b
26b,off_b,mmlu_pro-046,mmlu_pro,False,stop,186.469154,5,44bbaa39dea1d8838a3788f80b48ef0ed54d451655d0bf526734658ec6af622f
26b,off_b,gsm8k-016,gsm8k,False,length,3047.383622,512,9fadfc3ec5ceaec264ee4bcf9d41cc628da626f7292ebd8352510afbeeb98654
26b,off_b,gsm8k-029,gsm8k,True,stop,604.77525,84,6db8ecb0fb43b30bd5cd23015d255aaccff5859a82a59b56f4f514691db71fc3
26b,off_b,ifeval-038,ifeval,True,stop,194.415414,22,b8f92532cafbc136992d57c88773e682c2d8d27746d52b7e1e19774fd5ba3c4c
26b,off_b,gsm8k-034,gsm8k,False,stop,1950.834316,332,d50034d108efffbc79b5918c4e8d5f6263b1a08d7f895c6ce1633f26edcad7d0
26b,off_b,gsm8k-050,gsm8k,False,stop,1009.749674,156,2a1bf8233466fcbade455f01305a70cc8bac568ee373a2d30dd46d23e028bd00
26b,off_b,mbpp-019,mbpp,True,stop,1303.426287,211,fab1341b9003f7246b930d08f6686938b2408bb3ef591279a0d37f632703f430
26b,off_b,mmlu_pro-059,mmlu_pro,False,stop,165.862259,5,f246277cc5248bc3d0e34f18c1e51dbf384b76ba4bc05357a5783df373eefa83
26b,off_b,gsm8k-058,gsm8k,True,stop,1758.174003,289,6e57dd6d8a12f26841820fea15b350f2a297465407e8d69de31ecbee660ef6c4
26b,off_b,mmlu_pro-056,mmlu_pro,True,stop,160.90607,5,e192490fee64ad593d0794e211855b9bb10e590dbd903c73641084fcd6da0256
26b,off_b,mmlu_pro-006,mmlu_pro,True,stop,181.801345,5,383107968fb4dbad920fba520520a41a0449a7214bbf4a8288643187983af7c9
26b,off_b,gsm8k-031,gsm8k,True,stop,1478.974468,231,c82cdc07e53d95762a069569c3d8a473a3419d0e574aae91f8059f30fc54c547
26b,off_b,ifeval-035,ifeval,True,stop,220.049916,24,27bde82252aa58683d089ea6213381f0714b4e5de7b775ca16bef3dd884c3b8b
26b,off_b,mbpp-023,mbpp,False,length,3004.329083,512,7d9f185741272e542d0eb2e10d995b2cfecc8247ccf3dc1003b48aef3d12c419
26b,off_b,mbpp-032,mbpp,True,stop,637.617105,83,9e0837a89ac59a00f6a7c970b45bd4cbd81ac27f842af5a57cb9802178c0cbdf
26b,off_b,ifeval-022,ifeval,True,stop,809.706439,123,e240dc04a6dacdea6a673b5995f71959f4a2c200529f62076fed26c4f0d8f890
26b,off_b,mbpp-028,mbpp,True,stop,727.561226,113,7f2ffc0dc71f42137098faf710ad71b1e8c9d418124541aa4ef79e84738101a1
26b,off_b,ifeval-026,ifeval,True,stop,1209.044721,200,d7faee2a1084643ba29db6535de6c5a8fb288d6067135a34af47b67ab8254b92
26b,off_b,mbpp-036,mbpp,True,stop,297.912368,35,68f4d7589f633b92b13fefd6bef50c8c846fe1a3fe75b1a2bbc3a26e31f80c9f
26b,off_b,gsm8k-026,gsm8k,True,stop,1834.626391,308,aa6ae5919c1fc16b5cf18e374ddaad4913176cd5e85d0cf23e6d4d1aee916dc2
26b,off_b,mbpp-022,mbpp,True,stop,347.219632,36,0de54c5f0b17f075fcf6b40205e874d57cddc5d15fb264c75bb341a73617141e
26b,off_b,ifeval-007,ifeval,False,stop,388.912577,49,3f04418a8ae01c7574bce43661bbbe9ace6d2432e83294c05be4eddb89f69f89
26b,n4,gsm8k-054,gsm8k,True,stop,739.118631,250,89b8275c1eac1fadf017ab38c5ee707a4452e5d0bbc14f6ab1d3ac02fc07acd3
26b,n4,ifeval-015,ifeval,True,stop,597.031435,105,f3e2e4bad7899a15e538c289a1196478b7989f9b188a5bce62f7ab5b5d5b6551
26b,n4,gsm8k-021,gsm8k,True,stop,576.357178,159,94eff9f3f2f258813ac8054a8929fc5715d9cf1ce187a253c379f51c2626701a
26b,n4,mmlu_pro-017,mmlu_pro,False,stop,191.457729,5,75a8382d1f0eeb8ade3ff32fd5d253d6d61f5569a8c8c7a7f2fa4e891b73e012
26b,n4,mmlu_pro-038,mmlu_pro,True,stop,136.366192,5,7f12398eab61eabfade2a1506d641f27c6035a371dd16cf1e5bbce8ac82b36d3
26b,n4,gsm8k-034,gsm8k,False,stop,1073.959486,320,866b81e4ba2364ede9c21b6dabbd6fe8de4e5acbbaaa83137a9b72a79995fc54
26b,n4,mmlu_pro-037,mmlu_pro,True,stop,244.980172,5,383107968fb4dbad920fba520520a41a0449a7214bbf4a8288643187983af7c9
26b,n4,mmlu_pro-019,mmlu_pro,False,stop,210.138106,5,2b811e58a6e1fde6992eb1ffe81c5357d5db8e2e33099f28d9e9b0d6f756ed0b
26b,n4,gsm8k-048,gsm8k,True,stop,639.554163,177,583feeff9dd35a91276223d08e2804d0423abbe1a3a5c2b3333de0d1559abadb
26b,n4,mbpp-029,mbpp,True,stop,531.796267,147,131c12e3baab60a4a04890eac3852b6c710bc26c39daf79d5bd2c9a22a80b7b7
26b,n4,mbpp-018,mbpp,True,stop,883.027697,268,87c924170dd3df7913aefc9c630d01462edd6b79ddc2c35ab4b4493bda5a426e
26b,n4,mbpp-003,mbpp,True,stop,196.87447,26,2369d5861c9378ec1edd7526f1a7312ee1942a946ef1ad07c6d3816877ac5930
26b,n4,ifeval-012,ifeval,True,stop,2245.299903,455,c161d4825f86736694a7524b900cf35bc99a10a5d06ffb32c06d5c8e9e4d274e
26b,n4,ifeval-004,ifeval,True,stop,2225.840503,507,1c0225d87f7d9b22e1e2b2024285374a6642e1c1961213a455f8c63e3dc75764
26b,n4,gsm8k-052,gsm8k,True,stop,765.515787,212,688333810646be177f371617438b10201122e2ae54e4d8196269e5afb6110c88
26b,n4,gsm8k-007,gsm8k,True,stop,702.082609,200,1891cbc86f9a3cd2ab93e1cd1592c5399ff2b033854438af36ef1acb54c337c5
26b,n4,gsm8k-047,gsm8k,True,stop,357.099482,89,6769150415ae1694bc3ecb3dc6de73a2b636f20fff6772260fe8d4886f1514c2
26b,n4,gsm8k-059,gsm8k,True,stop,748.922796,226,175bf8a941d4213d15ee5d3924735f70fb044341913435c91a02c91db416ec87
26b,n4,mmlu_pro-004,mmlu_pro,True,stop,201.633018,5,75a8382d1f0eeb8ade3ff32fd5d253d6d61f5569a8c8c7a7f2fa4e891b73e012
26b,n4,ifeval-026,ifeval,True,stop,1111.351065,218,18ff625f478983ae86075bbe7e1802850c689a2410663fdb3e955a4cdff4a552
26b,n4,mmlu_pro-013,mmlu_pro,True,stop,140.778496,5,0b881d9aefb8729ec3519b9fc950d22641f552cae9e7b7c3d836e5049ae2a6eb
26b,n4,gsm8k-000,gsm8k,True,stop,331.002565,74,4130591b6a48ab4e8aa2e1592cad24f83a0b4e4a245066fe17c2ef56aa1fa3ff
26b,n4,gsm8k-015,gsm8k,True,stop,473.905694,121,0c34b6241bb6001e6107e95e7cfbf2b2db323537e536062320106a6736825bfc
26b,n4,mmlu_pro-043,mmlu_pro,True,stop,135.925978,5,e192490fee64ad593d0794e211855b9bb10e590dbd903c73641084fcd6da0256
26b,n4,mmlu_pro-036,mmlu_pro,True,stop,115.365079,5,79c14ef69b8803008a7947090ee9d8b4065c49bc1b60dd0d647e9b27f2aac0bd
26b,n4,ifeval-031,ifeval,True,stop,625.05255,109,7b7e28ed5263a57595f51068d7949e7fb93d658b5b4d71e88704cf7e2a09119b
26b,n4,gsm8k-041,gsm8k,True,stop,313.227388,77,3cf399b709564d78b55d0ef5e71dadc7d2901fea7c42d01c38117fa605084334
26b,n4,ifeval-019,ifeval,True,stop,2369.532344,452,303b7c08225379424cdc64a91548c6590dfa4b4c328be539152f4c64205a368f
26b,n4,mmlu_pro-003,mmlu_pro,True,stop,184.183891,5,0b881d9aefb8729ec3519b9fc950d22641f552cae9e7b7c3d836e5049ae2a6eb
26b,n4,gsm8k-029,gsm8k,True,stop,365.509561,84,6db8ecb0fb43b30bd5cd23015d255aaccff5859a82a59b56f4f514691db71fc3
26b,n4,mmlu_pro-014,mmlu_pro,True,stop,131.979686,5,0b881d9aefb8729ec3519b9fc950d22641f552cae9e7b7c3d836e5049ae2a6eb
26b,n4,gsm8k-051,gsm8k,True,stop,733.033185,231,904025a261b60d447f2a14904d29a3b8062b6cbdca49b226bb64b109bac606ad
26b,n4,gsm8k-050,gsm8k,False,stop,598.949297,156,2a1bf8233466fcbade455f01305a70cc8bac568ee373a2d30dd46d23e028bd00
26b,n4,ifeval-010,ifeval,True,stop,1959.93344,371,d229b3d31d77f1cff301a5f1ba275032e806537f51c31301a3aa7abd9fb5eda3
26b,n4,ifeval-034,ifeval,True,stop,1232.738239,249,0a74d3f179116f5cb5e7aae9384ef496855b34d974585f0291ad8aa4fb827717
26b,n4,gsm8k-036,gsm8k,True,stop,585.866979,164,d0f71858e208dcf7fbff2d3240ed28757732f0a532ab0ebb2a615b8ede804033
26b,n4,ifeval-001,ifeval,True,stop,1078.188113,194,1f78fddde506413e351352c2df438087def1306dd0350fd30e875d8b74ccd0a9
26b,n4,gsm8k-023,gsm8k,True,stop,1099.074171,342,6db9236089135f8aae64301261fc788894abadbb7a49efe33ef5e2227301348f
26b,n4,gsm8k-006,gsm8k,True,stop,535.910463,148,a6289379bd2c55ce8003d9dc822ad46219637c542f5b66b7f4caf667132f4525
26b,n4,gsm8k-033,gsm8k,True,stop,757.645367,236,625fa8802b25304e76cac2a41d6954d5301b51205cdcc46dceca5a60140baecc
26b,n4,ifeval-022,ifeval,True,stop,648.994696,113,920fadcd54ea5ef17fdc2491af4eec09f95bc75ca0be1a91874adce469e26cc8
26b,n4,gsm8k-057,gsm8k,True,stop,721.415312,211,0139574367a7004ab354c1092c9a4ff822385c231d2534ccd7e0f01229d2e9e7
26b,n4,gsm8k-014,gsm8k,True,stop,1013.749991,291,b9b872123eb9c96cc9edd4955a6776af862f65cef7ace2c5b7246fc93fd58751
26b,n4,mbpp-031,mbpp,True,stop,257.842052,48,870c3c71e6b349c79985bda672e838646e0fd8580f454a70fb1f3b44e79eee38
26b,n4,gsm8k-024,gsm8k,True,stop,555.511554,156,46f6a717bc53fb781c9ceae9df1cecad80c20f36911a9613f407588436725083
26b,n4,mmlu_pro-021,mmlu_pro,True,stop,198.197902,5,e192490fee64ad593d0794e211855b9bb10e590dbd903c73641084fcd6da0256
26b,n4,ifeval-036,ifeval,True,stop,889.894956,167,589a9ef1195ba19249f7e5346d492485a9e7595e0bb5e098205604a1e502eec0
26b,n4,mmlu_pro-022,mmlu_pro,True,stop,226.499512,5,75a8382d1f0eeb8ade3ff32fd5d253d6d61f5569a8c8c7a7f2fa4e891b73e012
26b,n4,mbpp-017,mbpp,True,stop,742.264544,197,bb3bfedfd0ca84cd001bd9d131c68437ae0448167934c02a52b5c1b55463a29f
26b,n4,ifeval-021,ifeval,True,stop,777.048704,164,598675aec71d9e3dcfaef4610e37365f1320515599ceb11ed67beb36d393c271
26b,n4,ifeval-033,ifeval,True,stop,230.659796,26,4569db9645b782aab0f20f3e2d379ae623926452c611a07c4d66c6083a2ee180
26b,n4,mbpp-022,mbpp,True,stop,214.764921,36,0de54c5f0b17f075fcf6b40205e874d57cddc5d15fb264c75bb341a73617141e
26b,n4,mbpp-023,mbpp,False,length,1758.097682,512,75dda234cc71471418819188bbe49a2fa7c7722d3d518d4c9ac9004c54d70d75
26b,n4,mbpp-020,mbpp,True,stop,269.566431,39,b9fbb54da04dac4530d79e61d7c731421a6d495890c45f2ae532364223540357
26b,n4,mbpp-009,mbpp,False,stop,1632.202478,476,abd9133f50ee4e5088b5307cd3a441ef3fe35dab57a3bd168b075343d41fdaed
26b,n4,mbpp-008,mbpp,True,stop,264.835639,37,b9c3891975dc17ad1c5ddeedb3e45f00247bb080fa933dfed4ebc7e6ea84f63b
26b,n4,mmlu_pro-024,mmlu_pro,False,stop,177.796574,5,79c14ef69b8803008a7947090ee9d8b4065c49bc1b60dd0d647e9b27f2aac0bd
26b,n4,mmlu_pro-044,mmlu_pro,True,stop,165.660392,5,e7e621df907fc16c9b06df06caf0acd9c4800660de102246b77df7a00426983a
26b,n4,gsm8k-043,gsm8k,True,stop,584.812865,158,cfa23b4e494d42ea6065b447af9967ac5033b64a76134f85dab7f29f32550ca8
26b,n4,ifeval-028,ifeval,True,stop,2725.277708,500,ada634728bac862e807d9fcd8e69dbb3e5e0be2e6efeb7264f75a70f1b0dae68
26b,n4,mmlu_pro-047,mmlu_pro,True,stop,190.921551,5,f246277cc5248bc3d0e34f18c1e51dbf384b76ba4bc05357a5783df373eefa83
26b,n4,mmlu_pro-039,mmlu_pro,True,stop,137.916583,5,0b881d9aefb8729ec3519b9fc950d22641f552cae9e7b7c3d836e5049ae2a6eb
26b,n4,ifeval-024,ifeval,True,stop,895.476921,158,995a91dc0dd096fd1626c9bf955f247a08a6a6eda0b32d56891b47f768e83a6f
26b,n4,gsm8k-040,gsm8k,True,stop,668.643581,193,27763bc156a765d2fc8eae5acdabe99a32b5a8e2889ecf5e6aa7b8bb64b641ca
26b,n4,ifeval-013,ifeval,True,stop,900.848963,156,8e054f320bc8c22e4d77faff1ec2c3c807a8201f9f23f641628dc2f0f325129d
26b,n4,mmlu_pro-049,mmlu_pro,False,stop,197.213865,5,44bbaa39dea1d8838a3788f80b48ef0ed54d451655d0bf526734658ec6af622f
26b,n4,gsm8k-027,gsm8k,True,stop,1015.657703,290,e52fec6cbbebbb42d473d62bbbbc2c4d949b3c964b1777ba0f9a22d7bfaf46b6
26b,n4,mmlu_pro-028,mmlu_pro,True,stop,146.005529,5,2b811e58a6e1fde6992eb1ffe81c5357d5db8e2e33099f28d9e9b0d6f756ed0b
26b,n4,ifeval-008,ifeval,False,stop,958.22051,165,ebc7500fd7257d2afcde39642b8f13ca461dc2594cc89520bdb6b314124a1644
26b,n4,mbpp-038,mbpp,True,stop,260.123656,58,3d96f137f89b31b2626ee0667d02d2eef0b076b9d3191d5b47e56ea615174d56
26b,n4,mbpp-006,mbpp,True,stop,711.361264,211,7d0eb15783358a270f5dedc23dcf7594033f3d9fde506b61561b2d4d6f78792e
26b,n4,mbpp-024,mbpp,True,stop,886.250264,241,8b372cc1f46b6444ca4301a807d9f74b6c72f8291a9f9f226d05763f3942b7ce
26b,n4,ifeval-027,ifeval,False,stop,3540.094449,647,a6e1703693b61edf65661f72978a2e364f8bf48c1e6f13c17c97b2f75405c7f3
26b,n4,mbpp-033,mbpp,False,length,1920.683252,512,649c6080f1c9b4d1cb91138b65612f684e1f8b6e19b562ed780860e626acc4a1
26b,n4,mmlu_pro-023,mmlu_pro,False,stop,255.586076,5,f246277cc5248bc3d0e34f18c1e51dbf384b76ba4bc05357a5783df373eefa83
26b,n4,mbpp-030,mbpp,True,stop,471.099038,114,41dd0452b8460de3285cbea232b939d0c6ae050c78c11387cbb2b00d0fffa4fe
26b,n4,gsm8k-008,gsm8k,True,stop,777.060935,212,dc48ec797a40c71b29792c502990ae328200d87a8aa8f4dc8e8e4f89a8b03e42
26b,n4,mbpp-036,mbpp,True,stop,227.308547,35,68f4d7589f633b92b13fefd6bef50c8c846fe1a3fe75b1a2bbc3a26e31f80c9f
26b,n4,ifeval-030,ifeval,True,stop,1942.790561,558,b97c2ac9a3242d795d5674a0c1377cbf0f798227f6045663b2c389ed1a51209b
26b,n4,ifeval-000,ifeval,True,stop,857.311375,189,4f845faaf56b24e837af2731fcbe69b3d17093b3a8eba992e0c0a0d296bbebe8
26b,n4,gsm8k-022,gsm8k,True,stop,635.83308,186,86393e3a819b0de289039819a662527736599aa51205a2c63b59fa4824dda7d3
26b,n4,gsm8k-016,gsm8k,False,stop,588.26491,146,f0e2a11c432cb59f10eb5a9fabf290c62f4799c798a70f39f3cfa2307c617b85
26b,n4,gsm8k-018,gsm8k,True,stop,325.519473,79,96ae1629157a0c0caf49b2f979d2dc56a842eef96769c2fd728e8dab2b52b752
26b,n4,ifeval-017,ifeval,True,stop,2302.253831,508,368e82b49a990d446aa63dbf2108dcbf001afad67c5901f598ac867275746e23
26b,n4,mmlu_pro-051,mmlu_pro,False,stop,168.759414,5,0b881d9aefb8729ec3519b9fc950d22641f552cae9e7b7c3d836e5049ae2a6eb
26b,n4,ifeval-032,ifeval,True,stop,156.79248,17,072670cc6bc912bb9c592e628810efc6f97d812d3e1084a7fa11ecea3be4c928
26b,n4,gsm8k-049,gsm8k,True,stop,529.275951,155,a921334228865af0f481d9614e18b40bde5bb1eb113e6dcf49e733cb3c12637e
26b,n4,gsm8k-032,gsm8k,True,stop,675.725183,194,dff85e67df64af8d7ed1f5633ee471b19fe70c8804ae659c16341477234a579f
26b,n4,mmlu_pro-010,mmlu_pro,True,stop,211.871278,5,79c14ef69b8803008a7947090ee9d8b4065c49bc1b60dd0d647e9b27f2aac0bd
26b,n4,mmlu_pro-052,mmlu_pro,True,stop,270.882339,5,79c14ef69b8803008a7947090ee9d8b4065c49bc1b60dd0d647e9b27f2aac0bd
26b,n4,mbpp-025,mbpp,True,stop,436.201256,80,e287984195e830c9e160f5c11fe7fb397db0946398638f77be47852ea0915cef
26b,n4,mbpp-005,mbpp,False,stop,306.774216,54,4cedae0362c3d366f4e00ef222e2edbd10df886eb058c5b86e6a791e1f81f2a3
26b,n4,mmlu_pro-016,mmlu_pro,True,stop,168.756109,5,0b881d9aefb8729ec3519b9fc950d22641f552cae9e7b7c3d836e5049ae2a6eb
26b,n4,gsm8k-020,gsm8k,True,stop,623.317491,173,fbd5aa795a0266bc5de3e315c664677b3fdf49af76e53dda223d024d4bf34041
26b,n4,gsm8k-058,gsm8k,True,stop,990.187789,289,2fa2dad5e979df61118068c00ce2edca264878b6e7899b07855c6b9097ec1293
26b,n4,mbpp-011,mbpp,True,stop,308.501907,54,6b02601a9416085c3183af8cf8867cfdfc5578b9bb1b9a4d8e7c27d331e2bd58
26b,n4,gsm8k-026,gsm8k,True,stop,1031.325224,326,715f589f2b6d69b8f88b2f7165d40c0ecb78836ce37babb8ed21d91b3de58f21
26b,n4,gsm8k-030,gsm8k,True,stop,957.527463,295,0515917676e403ef2626adbc85484b3b3bc3c1be88d2d3ab37fbefc7c74a47a0
26b,n4,mmlu_pro-032,mmlu_pro,True,stop,192.891728,5,e192490fee64ad593d0794e211855b9bb10e590dbd903c73641084fcd6da0256
26b,n4,mbpp-035,mbpp,True,stop,462.171734,119,9c77efdfc509033b1fa892a1b8be4e0b80a24bfa73527d2e982b4ebece38a82e
26b,n4,ifeval-005,ifeval,True,stop,1338.362769,316,5e85cfef8651ea5e5c91268bf9f754a502bb68aaf247cb1be6c305cf10bf1b3e
26b,n4,gsm8k-037,gsm8k,False,stop,1224.080425,366,807545fd7429c5a88bb1d8d654a8cbc49aee3d5ec12d943a5186985503985141
26b,n4,ifeval-023,ifeval,True,stop,1524.1425,248,badfe066404e90ffccdb15bbfdfeac97901c8f8bfaf71184d1bc8189a38a66a7
26b,n4,mbpp-002,mbpp,True,stop,385.722187,101,74f0513651bafe66efa36352ec55fd56ef645ae0a59e5c37f56488fe1822e5e2
26b,n4,mmlu_pro-025,mmlu_pro,True,stop,190.533769,5,e7e621df907fc16c9b06df06caf0acd9c4800660de102246b77df7a00426983a
26b,n4,mbpp-021,mbpp,True,stop,459.827153,89,14be9e691965c61ccaff5d840a91799834301276f3da67a929d47e25123d2681
26b,n4,mmlu_pro-059,mmlu_pro,False,stop,147.14429,5,f246277cc5248bc3d0e34f18c1e51dbf384b76ba4bc05357a5783df373eefa83
26b,n4,mmlu_pro-018,mmlu_pro,False,stop,214.869006,5,2b811e58a6e1fde6992eb1ffe81c5357d5db8e2e33099f28d9e9b0d6f756ed0b
26b,n4,ifeval-009,ifeval,True,stop,2187.690221,435,c24df4f38629e3113dbd96b4024f37c63c21d4ee0f33594d4b6e7b78d5eac32d
26b,n4,mmlu_pro-054,mmlu_pro,False,stop,137.99704,5,e7e621df907fc16c9b06df06caf0acd9c4800660de102246b77df7a00426983a
26b,n4,ifeval-002,ifeval,True,stop,870.570923,164,c99f7abcdcaa9720a7d7c8a5d18292f6415816838dd3937ba85dd468b02c7093
26b,n4,ifeval-014,ifeval,True,stop,1554.684121,328,6a209981a500200b488d1c34cc48b7f0c509d6e88f76ffd8a49871d2a76c0316
26b,n4,ifeval-020,ifeval,False,stop,1633.702901,318,c311c740b41c69bc499c8dc1b8bfa70ae6c39f1282c937dae9eca794e6b23eca
26b,n4,mmlu_pro-033,mmlu_pro,True,stop,126.793049,5,79c14ef69b8803008a7947090ee9d8b4065c49bc1b60dd0d647e9b27f2aac0bd
26b,n4,ifeval-003,ifeval,True,stop,2156.226043,486,4591219e9c0e40b8c303e3ed43c91746a6f48661cbc337f5f47cf991b71a951f
26b,n4,ifeval-016,ifeval,False,stop,115.299,3,756323b169728673341620db9f90fdab034169535fd52280c13cc5af618f5593
26b,n4,mmlu_pro-030,mmlu_pro,True,stop,101.466652,5,7f12398eab61eabfade2a1506d641f27c6035a371dd16cf1e5bbce8ac82b36d3
26b,n4,mmlu_pro-012,mmlu_pro,False,stop,201.180634,5,e192490fee64ad593d0794e211855b9bb10e590dbd903c73641084fcd6da0256
26b,n4,gsm8k-055,gsm8k,True,stop,606.530118,161,567114c50963387e618870f30d22c94c3b6eb56fa6452f8d99c3329912132cfa
26b,n4,mmlu_pro-007,mmlu_pro,False,stop,183.765509,5,75a8382d1f0eeb8ade3ff32fd5d253d6d61f5569a8c8c7a7f2fa4e891b73e012
26b,n4,mmlu_pro-001,mmlu_pro,True,stop,172.846279,5,75a8382d1f0eeb8ade3ff32fd5d253d6d61f5569a8c8c7a7f2fa4e891b73e012
26b,n4,mmlu_pro-000,mmlu_pro,False,stop,160.941367,5,2b811e58a6e1fde6992eb1ffe81c5357d5db8e2e33099f28d9e9b0d6f756ed0b
26b,n4,mbpp-015,mbpp,True,stop,275.002316,60,7e5013eaea7c314526bf40f91a970b225aec2dee466b10281372e2da66632045
26b,n4,mmlu_pro-005,mmlu_pro,False,stop,165.739626,5,75a8382d1f0eeb8ade3ff32fd5d253d6d61f5569a8c8c7a7f2fa4e891b73e012
26b,n4,mbpp-039,mbpp,True,stop,261.339383,35,df21cfb4c31276176ba552cc14abae47702e5f7deb9b3cb1ed37c88d89259258
26b,n4,mbpp-007,mbpp,False,length,1821.3277,512,bb47ccdfc7c81b73f686799d4a153417f6a596ea34fe25e3d031f0a0974f94fd
26b,n4,ifeval-018,ifeval,False,stop,3002.761563,536,385aebd38e4426737591d182eb324b012c0388d5a559598ed6c67984bb32fe1d
26b,n4,gsm8k-017,gsm8k,True,stop,428.804658,93,aaf9e02fc8114eecb8a262b36095edf58a907cc3b2cb8aa90ab6c1a5fa801e76
26b,n4,mbpp-037,mbpp,True,stop,237.377216,45,b0d87a4f246ab0c8abbec4db556c2753bbc57afbbd24e7a4946f2e333bf0144d
26b,n4,mmlu_pro-029,mmlu_pro,True,stop,157.129567,5,0b881d9aefb8729ec3519b9fc950d22641f552cae9e7b7c3d836e5049ae2a6eb
26b,n4,ifeval-039,ifeval,True,stop,342.678535,42,70121d859ac30e3073614d21f13865ef1290e1ff4504545475a4ca8abf9a9116
26b,n4,mmlu_pro-015,mmlu_pro,True,stop,105.476821,5,2b811e58a6e1fde6992eb1ffe81c5357d5db8e2e33099f28d9e9b0d6f756ed0b
26b,n4,gsm8k-009,gsm8k,False,length,1699.774883,512,3355b761162680ee6ca2682e6310d2bcab5ff3df7e5d4f4d340d7d71ff36adde
26b,n4,gsm8k-053,gsm8k,True,stop,738.313009,191,8e49fd9bf4c6d093f7bc137f1d55bc9d89900c106be64b4a38b1f02bd67d00c6
26b,n4,mbpp-012,mbpp,True,stop,395.51864,108,1078dbec8ca4b236b331f9fad83589018f9ff736bd31e6eda8d2faa26ec2f829
26b,n4,mbpp-014,mbpp,False,stop,539.012932,136,612c13e00cee419c9959f681d06d9bc66a97cb8e7fce0f79b678e4b625faf2e3
26b,n4,gsm8k-003,gsm8k,True,stop,975.292715,279,05a6af4343eebb223aa4b88342ba89f5b4023980b4f3711649bd0793ca0af38e
26b,n4,mmlu_pro-041,mmlu_pro,True,stop,176.922254,5,e192490fee64ad593d0794e211855b9bb10e590dbd903c73641084fcd6da0256
26b,n4,mmlu_pro-026,mmlu_pro,False,stop,160.571589,5,44bbaa39dea1d8838a3788f80b48ef0ed54d451655d0bf526734658ec6af622f
26b,n4,mmlu_pro-031,mmlu_pro,True,stop,118.362547,5,2b811e58a6e1fde6992eb1ffe81c5357d5db8e2e33099f28d9e9b0d6f756ed0b
26b,n4,mbpp-010,mbpp,True,stop,1288.665765,380,27b699d092682b057605bce2112c9e7fd9f78e66b8b73ed33fe0487c80195e5b
26b,n4,gsm8k-002,gsm8k,True,stop,1333.359072,407,74ded5e9b18bf4a1db47fe0a53c5e9de2814ab62c30263c9350a4597046277d6
26b,n4,mmlu_pro-008,mmlu_pro,True,stop,195.57469,5,e7e621df907fc16c9b06df06caf0acd9c4800660de102246b77df7a00426983a
26b,n4,mmlu_pro-027,mmlu_pro,False,stop,146.738307,5,0b881d9aefb8729ec3519b9fc950d22641f552cae9e7b7c3d836e5049ae2a6eb
26b,n4,mmlu_pro-009,mmlu_pro,True,stop,145.600621,5,7f12398eab61eabfade2a1506d641f27c6035a371dd16cf1e5bbce8ac82b36d3
26b,n4,ifeval-029,ifeval,True,stop,1663.778879,304,bb8ef19ab3b7fbccdc7a11e9645417f053e69fb139e3ba95f36542764db6dfef
26b,n4,gsm8k-004,gsm8k,True,stop,499.115021,127,403acf20e2ab7f1066d703466eeec538c82750e216ccaab213fbb344599ebda7
26b,n4,mbpp-026,mbpp,True,stop,285.812767,70,11929beb76245890f5cfbd5e0319688f45048d8ffad43557e4a3ea51f7cf4dd7
26b,n4,mmlu_pro-011,mmlu_pro,False,stop,114.409362,5,7f12398eab61eabfade2a1506d641f27c6035a371dd16cf1e5bbce8ac82b36d3
26b,n4,gsm8k-035,gsm8k,False,stop,1192.062032,379,7b397aa12d04973f927e54b7d7f7cfd8b6f32476896932316c48d8501164aa46
26b,n4,gsm8k-045,gsm8k,True,stop,653.511347,184,b3a13802a5fa6ccfd877dc69300a6ea7f4b2a25e8cd61a3e3e769927dc731060
26b,n4,mbpp-004,mbpp,False,stop,264.704068,53,573070133826250b34f2703a3408676b7e98ebe023e96a87ed7811d99a494207
26b,n4,gsm8k-038,gsm8k,True,stop,1456.021367,428,559ea28ec9cf47fe4692b88d494c197fcd0c889aa18a803c67a4f9c2385b5a32
26b,n4,gsm8k-010,gsm8k,True,stop,508.732996,141,d4208efd534cc49b798d6fd4a6d2a09a74d45046548152ec742daff93a88460d
26b,n4,ifeval-006,ifeval,True,stop,440.216488,89,61c54082dd65c1cdb333af3ef1450fba62854dd34ce327122d609744de829ec9
26b,n4,mmlu_pro-002,mmlu_pro,False,stop,139.414801,5,2b811e58a6e1fde6992eb1ffe81c5357d5db8e2e33099f28d9e9b0d6f756ed0b
26b,n4,ifeval-007,ifeval,False,stop,324.970709,49,3b7ffc4d9db3911ad7200acb2eaa4ff12d3552a7eac7eace0e5580e43d15d24e
26b,n4,mbpp-034,mbpp,True,stop,291.703961,81,a3bfd9338c9b1802ba963dd2cecea8da5545413639d0298499c8b92953dc3530
26b,n4,mmlu_pro-034,mmlu_pro,False,stop,126.559247,5,f246277cc5248bc3d0e34f18c1e51dbf384b76ba4bc05357a5783df373eefa83
26b,n4,ifeval-035,ifeval,True,stop,173.93535,28,6b96478ab9765932c3e29ab640e3736ed74ab67a8e11ce95b806e885b16adbcc
26b,n4,gsm8k-056,gsm8k,True,stop,627.656013,205,5b2a610af929d8f9fda2dabd03d16d24b18309c25bd5efd2060d9e29612595bd
26b,n4,mmlu_pro-053,mmlu_pro,False,stop,193.476798,5,e192490fee64ad593d0794e211855b9bb10e590dbd903c73641084fcd6da0256
26b,n4,gsm8k-046,gsm8k,True,stop,352.882293,93,5ceba11bc5be26456b1d9a7e2bc14b7e5e1ee5ba229580805fb3dd062cafcee2
26b,n4,mmlu_pro-050,mmlu_pro,False,stop,161.247646,5,2b811e58a6e1fde6992eb1ffe81c5357d5db8e2e33099f28d9e9b0d6f756ed0b
26b,n4,mmlu_pro-058,mmlu_pro,True,stop,211.036784,5,383107968fb4dbad920fba520520a41a0449a7214bbf4a8288643187983af7c9
26b,n4,gsm8k-042,gsm8k,True,stop,636.646181,172,380059f54838a8b840ed86d04ceb8a238422b28d67ec2de88b97b9d01daf944d
26b,n4,mbpp-000,mbpp,True,stop,195.127527,26,90666dec8e32d5e80e629629c1213cbb2d7b2f3cfca888f1faefc83af9f0625d
26b,n4,mmlu_pro-020,mmlu_pro,False,stop,193.411405,5,7f12398eab61eabfade2a1506d641f27c6035a371dd16cf1e5bbce8ac82b36d3
26b,n4,ifeval-038,ifeval,True,stop,172.51105,22,b8f92532cafbc136992d57c88773e682c2d8d27746d52b7e1e19774fd5ba3c4c
26b,n4,mbpp-027,mbpp,True,stop,296.530446,53,c6bea878f01a3eb77a45734df8c801301f79b77d427d70565de7fe514e396189
26b,n4,gsm8k-019,gsm8k,True,stop,627.94557,161,1f75fb37b67bdf7845093af7567c354bc757d3588973ff56431c07e0dcf308b9
26b,n4,gsm8k-044,gsm8k,True,stop,658.94094,193,97fa7470a3d22524895a5f3fe1f01ff71b0c721d0f7f20b3e84467f7c54f9200
26b,n4,ifeval-011,ifeval,True,stop,388.115286,62,fc36620b5f16f14a5b06734b574c4be1c36d6b293a2ff95508468837fff18144
26b,n4,mmlu_pro-046,mmlu_pro,False,stop,156.747199,5,44bbaa39dea1d8838a3788f80b48ef0ed54d451655d0bf526734658ec6af622f
26b,n4,mbpp-019,mbpp,True,stop,444.756986,85,9246b8fd1b774f93bf1b5d111751af23eb7f4a04b3edf373f23bc79f1788b8d9
26b,n4,gsm8k-001,gsm8k,True,stop,841.931187,245,4210f235d52407784f3f88dca3802e076810522c5aacac332a452197a0150c29
26b,n4,mbpp-032,mbpp,True,stop,404.749782,83,9e0837a89ac59a00f6a7c970b45bd4cbd81ac27f842af5a57cb9802178c0cbdf
26b,n4,mmlu_pro-035,mmlu_pro,True,stop,179.817681,5,7f12398eab61eabfade2a1506d641f27c6035a371dd16cf1e5bbce8ac82b36d3
26b,n4,gsm8k-031,gsm8k,True,stop,801.197687,236,25111992fee441a3ec5b946933a70e3063fc55c53c96d2c556a08db8d0a5bc69
26b,n4,gsm8k-012,gsm8k,True,stop,364.349417,91,2223b738487bf9f40b3bbf4bf306cb2a64dd364748f07af2d562b2f1eae2a1b4
26b,n4,gsm8k-013,gsm8k,True,stop,493.970364,146,3b6de6d89d518338f391a52af3c9f0a612bd0f89fef853ddd76b7265940acf98
26b,n4,mmlu_pro-006,mmlu_pro,True,stop,181.978159,5,383107968fb4dbad920fba520520a41a0449a7214bbf4a8288643187983af7c9
26b,n4,mbpp-001,mbpp,True,stop,417.511368,97,6478c8d5903e00bd0706c92d498bf39ba1aad0b762d708a3b2c1a97582c8d08e
26b,n4,mmlu_pro-040,mmlu_pro,True,stop,139.054609,5,f246277cc5248bc3d0e34f18c1e51dbf384b76ba4bc05357a5783df373eefa83
26b,n4,mbpp-028,mbpp,True,stop,414.858377,113,7f2ffc0dc71f42137098faf710ad71b1e8c9d418124541aa4ef79e84738101a1
26b,n4,mmlu_pro-057,mmlu_pro,True,stop,226.168948,5,f246277cc5248bc3d0e34f18c1e51dbf384b76ba4bc05357a5783df373eefa83
26b,n4,gsm8k-039,gsm8k,True,stop,1316.78902,398,6d5f64ea3210338ffd9f147226ce4a8b80e7525b82ac679e63d27fef15d3d8c0
26b,n4,mmlu_pro-056,mmlu_pro,True,stop,156.981762,5,e192490fee64ad593d0794e211855b9bb10e590dbd903c73641084fcd6da0256
26b,n4,mmlu_pro-042,mmlu_pro,False,stop,174.432871,5,e7e621df907fc16c9b06df06caf0acd9c4800660de102246b77df7a00426983a
26b,n4,mmlu_pro-055,mmlu_pro,True,stop,139.23746,5,75a8382d1f0eeb8ade3ff32fd5d253d6d61f5569a8c8c7a7f2fa4e891b73e012
26b,n4,ifeval-037,ifeval,True,stop,2405.495558,514,be3aa30a66854c290f1e767c1d163998aaccc5221bd1c20b7ad3515c24194ec9
26b,n4,mmlu_pro-045,mmlu_pro,True,stop,311.054321,5,75a8382d1f0eeb8ade3ff32fd5d253d6d61f5569a8c8c7a7f2fa4e891b73e012
26b,n4,gsm8k-011,gsm8k,True,stop,401.174842,76,6fd3329dcc91917a4f464531f3fc8f064cf8576f5d08aec7ffefd66b99fa5a0b
26b,n4,ifeval-025,ifeval,True,stop,2722.524331,566,db5ced05b1f3e89b4b3acd9058c3a9f137c0b2dfe4d6c9c55fa776ced6f46e81
26b,n4,mbpp-016,mbpp,True,stop,1270.841805,366,1f51b0228e4ca2b604632f7260de7773dda64dffb80078a3d9d10caed9604977
26b,n4,gsm8k-025,gsm8k,True,stop,582.539662,155,c8b7111bea2fb5b82761816643a84bdcbcd828be1a38815bb5d2d730db7dc57e
26b,n4,mmlu_pro-048,mmlu_pro,True,stop,137.726026,5,f246277cc5248bc3d0e34f18c1e51dbf384b76ba4bc05357a5783df373eefa83
26b,n4,gsm8k-005,gsm8k,True,stop,557.263738,162,0fbac390c1d811bf608f1fc955d2a8ac95a5485aa45c1f7b5faeb1c43a7c2bf1
26b,n4,gsm8k-028,gsm8k,True,stop,379.258501,99,3654389e0f19b63dc58e4bb4203f6bcb9eb9053dc2842f6f83f5621138b48a52
26b,n4,mbpp-013,mbpp,True,stop,433.404362,119,ba87158c7b788cf7dab68009d329d431cf9b41debd6418b4d344e78a2818f0b1
26b,off_a,ifeval-034,ifeval,True,stop,1504.458594,254,1aa3b92cbfb073d00deab02f02feaa8c98f1f4a5c89be22968a521f4aaccdf05
26b,off_a,gsm8k-049,gsm8k,True,stop,970.425831,155,a921334228865af0f481d9614e18b40bde5bb1eb113e6dcf49e733cb3c12637e
26b,off_a,ifeval-031,ifeval,True,stop,589.700167,91,ce500f47f1dc446bbbfe222f85efb7133063d0df04dcb58953dae68f1924ab38
26b,off_a,mbpp-000,mbpp,True,stop,238.980373,26,90666dec8e32d5e80e629629c1213cbb2d7b2f3cfca888f1faefc83af9f0625d
26b,off_a,mbpp-030,mbpp,True,stop,768.662959,114,41dd0452b8460de3285cbea232b939d0c6ae050c78c11387cbb2b00d0fffa4fe
26b,off_a,gsm8k-007,gsm8k,True,stop,1274.253667,200,1891cbc86f9a3cd2ab93e1cd1592c5399ff2b033854438af36ef1acb54c337c5
26b,off_a,mmlu_pro-050,mmlu_pro,False,stop,191.229587,5,2b811e58a6e1fde6992eb1ffe81c5357d5db8e2e33099f28d9e9b0d6f756ed0b
26b,off_a,mmlu_pro-038,mmlu_pro,True,stop,140.605851,5,7f12398eab61eabfade2a1506d641f27c6035a371dd16cf1e5bbce8ac82b36d3
26b,off_a,gsm8k-006,gsm8k,True,stop,914.233831,148,a6289379bd2c55ce8003d9dc822ad46219637c542f5b66b7f4caf667132f4525
26b,off_a,gsm8k-010,gsm8k,True,stop,935.398471,151,116fae4b398a1c6af9e740f044687684e2ef8811256c0f63f3d9f9732ff1f5da
26b,off_a,mbpp-012,mbpp,True,stop,723.668014,108,1078dbec8ca4b236b331f9fad83589018f9ff736bd31e6eda8d2faa26ec2f829
26b,off_a,mbpp-038,mbpp,True,stop,436.003474,58,3d96f137f89b31b2626ee0667d02d2eef0b076b9d3191d5b47e56ea615174d56
26b,off_a,ifeval-006,ifeval,True,stop,589.573867,90,b927bf3f8943f8a7a265c80215ac4f1c8f4ad1e204bb9d92b1be9beaf6bd7fab
26b,off_a,mmlu_pro-048,mmlu_pro,True,stop,133.366852,5,f246277cc5248bc3d0e34f18c1e51dbf384b76ba4bc05357a5783df373eefa83
26b,off_a,gsm8k-000,gsm8k,True,stop,456.201016,67,f99f1f07bc6c8b927a875540c87d76c49387ced4c7cc4bfff6f52bb57b884322
26b,off_a,gsm8k-015,gsm8k,True,stop,753.024953,121,0c34b6241bb6001e6107e95e7cfbf2b2db323537e536062320106a6736825bfc
26b,off_a,gsm8k-014,gsm8k,True,stop,1763.584637,291,b9b872123eb9c96cc9edd4955a6776af862f65cef7ace2c5b7246fc93fd58751
26b,off_a,mmlu_pro-015,mmlu_pro,True,stop,164.344132,5,2b811e58a6e1fde6992eb1ffe81c5357d5db8e2e33099f28d9e9b0d6f756ed0b
26b,off_a,ifeval-009,ifeval,True,stop,2450.771191,418,804a4f7a47271fae84740eb9cdb89c76e522624f9a15d15040266182270230d0
26b,off_a,mbpp-028,mbpp,True,stop,769.262007,113,7f2ffc0dc71f42137098faf710ad71b1e8c9d418124541aa4ef79e84738101a1
26b,off_a,ifeval-037,ifeval,True,stop,3108.080859,535,14c56c570e1a1437528bbd86af58547e7793a61008275b50dc85b3bf2ef52f40
26b,off_a,mbpp-001,mbpp,True,stop,685.162462,97,6478c8d5903e00bd0706c92d498bf39ba1aad0b762d708a3b2c1a97582c8d08e
26b,off_a,mbpp-017,mbpp,True,stop,1448.616516,236,18d1138647779337b11a39d2b8387eb8a97b55f89b11198a54c9722aca7615af
26b,off_a,mbpp-010,mbpp,True,stop,2208.957346,370,a1970b737367563ae31a33fd61bf0b450a4a5e7df3ae4f2c97eee4f926e293e0
26b,off_a,ifeval-001,ifeval,True,stop,1249.256022,199,996c9441b85949ca1d95d229a04e1ff925391aa24a91c3576ae178b3ee028ffb
26b,off_a,mbpp-018,mbpp,True,stop,1703.769713,280,d856204749b16006a815d2aa21610d0b500d00cda76ea59661bb7b58918512f3
26b,off_a,gsm8k-013,gsm8k,True,stop,965.867727,146,3b6de6d89d518338f391a52af3c9f0a612bd0f89fef853ddd76b7265940acf98
26b,off_a,ifeval-000,ifeval,True,stop,1162.792843,190,62865df11dc7316760c8da3c3db932600a61f110179d770d7bcb356ffdad2d18
26b,off_a,gsm8k-023,gsm8k,True,stop,2047.588434,342,6db9236089135f8aae64301261fc788894abadbb7a49efe33ef5e2227301348f
26b,off_a,mmlu_pro-016,mmlu_pro,True,stop,173.472039,5,0b881d9aefb8729ec3519b9fc950d22641f552cae9e7b7c3d836e5049ae2a6eb
26b,off_a,mmlu_pro-044,mmlu_pro,True,stop,164.866596,5,e7e621df907fc16c9b06df06caf0acd9c4800660de102246b77df7a00426983a
26b,off_a,ifeval-036,ifeval,True,stop,1083.143143,178,5baa661497e0d749f1fb2c03f6307d447f83c29c4d9ec01d6cd7b127c9e6e192
26b,off_a,mmlu_pro-006,mmlu_pro,True,stop,186.157993,5,383107968fb4dbad920fba520520a41a0449a7214bbf4a8288643187983af7c9
26b,off_a,ifeval-033,ifeval,True,stop,278.780811,26,4569db9645b782aab0f20f3e2d379ae623926452c611a07c4d66c6083a2ee180
26b,off_a,mbpp-011,mbpp,True,stop,420.618095,54,6b02601a9416085c3183af8cf8867cfdfc5578b9bb1b9a4d8e7c27d331e2bd58
26b,off_a,mbpp-003,mbpp,True,stop,269.963107,26,2369d5861c9378ec1edd7526f1a7312ee1942a946ef1ad07c6d3816877ac5930
26b,off_a,gsm8k-030,gsm8k,True,stop,1761.694346,295,0515917676e403ef2626adbc85484b3b3bc3c1be88d2d3ab37fbefc7c74a47a0
26b,off_a,ifeval-021,ifeval,True,stop,1042.036719,161,0b542fce93c8f8a9d078b7f3055fc443fd3ace5e844601abf276a307f967f0ca
26b,off_a,gsm8k-021,gsm8k,True,stop,1009.287594,159,4815274e312d9059665bae7673f7df2578dc9639d9fc2937bd418ddd2a3d62be
26b,off_a,mmlu_pro-059,mmlu_pro,False,stop,160.663338,5,f246277cc5248bc3d0e34f18c1e51dbf384b76ba4bc05357a5783df373eefa83
26b,off_a,gsm8k-047,gsm8k,True,stop,600.096299,89,6769150415ae1694bc3ecb3dc6de73a2b636f20fff6772260fe8d4886f1514c2
26b,off_a,mbpp-004,mbpp,False,stop,397.607188,53,573070133826250b34f2703a3408676b7e98ebe023e96a87ed7811d99a494207
26b,off_a,gsm8k-008,gsm8k,True,stop,1237.772418,200,96a8ecaedc11db6b14664bf5cdcdf00ba6384421d47eba4813388d818e5d0592
26b,off_a,mbpp-005,mbpp,False,stop,458.084995,54,4cedae0362c3d366f4e00ef222e2edbd10df886eb058c5b86e6a791e1f81f2a3
26b,off_a,ifeval-028,ifeval,True,stop,2986.385711,500,193e627d540428732b7967b19ca33aa6f48e40e301bd325682c84411cfe48380
26b,off_a,mmlu_pro-049,mmlu_pro,False,stop,198.334478,5,44bbaa39dea1d8838a3788f80b48ef0ed54d451655d0bf526734658ec6af622f
26b,off_a,ifeval-038,ifeval,True,stop,213.759972,22,b8f92532cafbc136992d57c88773e682c2d8d27746d52b7e1e19774fd5ba3c4c
26b,off_a,gsm8k-027,gsm8k,True,stop,1735.206523,290,dd523ab7a00db52d79d5682906f582247f3740e73d0279f093d5e5b43a1215e6
26b,off_a,ifeval-020,ifeval,True,stop,1952.158049,326,479305446a1f16f9cfc5c1d002dced908bd5b69f2c67e0c834bcb4eeacae23aa
26b,off_a,mmlu_pro-024,mmlu_pro,False,stop,168.834982,5,79c14ef69b8803008a7947090ee9d8b4065c49bc1b60dd0d647e9b27f2aac0bd
26b,off_a,gsm8k-035,gsm8k,False,stop,2270.520243,378,ddff3c94538438170fcf5775767bddb9c324f2b3727f3c842e00f67f6f70560f
26b,off_a,mbpp-034,mbpp,True,stop,512.45369,69,4d4c443c56995d741be7f465d8ba1d11626bf410877b275614a2576d65d752cb
26b,off_a,gsm8k-052,gsm8k,True,stop,1277.999858,210,b2ee88edadbf6bd31f3a0bf9d3a8620bcd3fa19ef4aa75a5521f36b52ab35657
26b,off_a,mmlu_pro-027,mmlu_pro,False,stop,144.304268,5,0b881d9aefb8729ec3519b9fc950d22641f552cae9e7b7c3d836e5049ae2a6eb
26b,off_a,mbpp-016,mbpp,True,stop,2166.898228,362,8b60ed18501d6ed55cb0dc2385b5be7a2757fe92a85ae9d60a7ead5adfae3f58
26b,off_a,mmlu_pro-003,mmlu_pro,True,stop,205.034802,5,0b881d9aefb8729ec3519b9fc950d22641f552cae9e7b7c3d836e5049ae2a6eb
26b,off_a,gsm8k-050,gsm8k,False,stop,969.627789,156,2a1bf8233466fcbade455f01305a70cc8bac568ee373a2d30dd46d23e028bd00
26b,off_a,gsm8k-038,gsm8k,False,stop,1805.295809,296,398bb1531e3285066ca0c6bc22c1ad7771f9848f3325bf63eade62cb34f12876
26b,off_a,ifeval-035,ifeval,True,stop,226.518627,24,27bde82252aa58683d089ea6213381f0714b4e5de7b775ca16bef3dd884c3b8b
26b,off_a,ifeval-018,ifeval,False,stop,3198.691575,549,d9f0174c3c7320394904f076cfb4b4c8c2a316456df063e4ce7e0232c064df81
26b,off_a,ifeval-030,ifeval,True,stop,3798.733493,644,edfcfdf7d8e47e87d88e4501d7a2f2247753f1c67b2b8a4839af6b77d4cb6237
26b,off_a,gsm8k-016,gsm8k,False,length,3091.293163,512,9fadfc3ec5ceaec264ee4bcf9d41cc628da626f7292ebd8352510afbeeb98654
26b,off_a,gsm8k-046,gsm8k,True,stop,656.264337,95,86d30290de25e4720e2188dd8eab4baf1ecfe58d9e5c7261782243773e39579c
26b,off_a,mmlu_pro-026,mmlu_pro,False,stop,120.08227,5,44bbaa39dea1d8838a3788f80b48ef0ed54d451655d0bf526734658ec6af622f
26b,off_a,gsm8k-055,gsm8k,True,stop,1029.447745,161,567114c50963387e618870f30d22c94c3b6eb56fa6452f8d99c3329912132cfa
26b,off_a,ifeval-011,ifeval,True,stop,425.371892,62,a8d3947f2034dd9bc2e319bd2ca5a35ed0a852acc7cd07fd55ce4d013ef3d294
26b,off_a,mmlu_pro-053,mmlu_pro,False,stop,152.489507,5,e192490fee64ad593d0794e211855b9bb10e590dbd903c73641084fcd6da0256
26b,off_a,ifeval-015,ifeval,True,stop,697.97159,111,0c8c041b7da93fbb055acdc8bafebd28f2cb930d6f92bc8e58273575fb885009
26b,off_a,mmlu_pro-010,mmlu_pro,True,stop,176.30145,5,79c14ef69b8803008a7947090ee9d8b4065c49bc1b60dd0d647e9b27f2aac0bd
26b,off_a,mmlu_pro-055,mmlu_pro,True,stop,185.542822,5,75a8382d1f0eeb8ade3ff32fd5d253d6d61f5569a8c8c7a7f2fa4e891b73e012
26b,off_a,mmlu_pro-045,mmlu_pro,True,stop,232.341745,5,75a8382d1f0eeb8ade3ff32fd5d253d6d61f5569a8c8c7a7f2fa4e891b73e012
26b,off_a,gsm8k-045,gsm8k,True,stop,1222.762413,184,b3a13802a5fa6ccfd877dc69300a6ea7f4b2a25e8cd61a3e3e769927dc731060
26b,off_a,mmlu_pro-046,mmlu_pro,False,stop,200.014927,5,44bbaa39dea1d8838a3788f80b48ef0ed54d451655d0bf526734658ec6af622f
26b,off_a,mbpp-023,mbpp,False,length,3078.226485,512,7d9f185741272e542d0eb2e10d995b2cfecc8247ccf3dc1003b48aef3d12c419
26b,off_a,ifeval-032,ifeval,True,stop,230.480166,17,072670cc6bc912bb9c592e628810efc6f97d812d3e1084a7fa11ecea3be4c928
26b,off_a,gsm8k-059,gsm8k,True,stop,1367.14366,226,175bf8a941d4213d15ee5d3924735f70fb044341913435c91a02c91db416ec87
26b,off_a,mmlu_pro-022,mmlu_pro,True,stop,199.720756,5,75a8382d1f0eeb8ade3ff32fd5d253d6d61f5569a8c8c7a7f2fa4e891b73e012
26b,off_a,gsm8k-057,gsm8k,True,stop,1308.672124,204,4f91c53b4d9312f33eb5750ec094843055e4ec241185b275727917301dea850f
26b,off_a,ifeval-008,ifeval,False,stop,1055.456621,168,4019026215d9400abfc6687627d44ae78dd2cce7d063113f06562f1e211bc6cb
26b,off_a,mmlu_pro-052,mmlu_pro,True,stop,192.56828,5,79c14ef69b8803008a7947090ee9d8b4065c49bc1b60dd0d647e9b27f2aac0bd
26b,off_a,mmlu_pro-017,mmlu_pro,False,stop,215.389922,5,75a8382d1f0eeb8ade3ff32fd5d253d6d61f5569a8c8c7a7f2fa4e891b73e012
26b,off_a,gsm8k-044,gsm8k,True,stop,1546.227115,251,682e335c7fc8ceb5144362f2d6a6b5d8dfc5f1e7451b5930102bda3e23562b7c
26b,off_a,ifeval-023,ifeval,True,stop,1372.185855,227,61bda213966eb427e8a56ac4562e7e8fff1c5ca7576d73feab64421e4a456b3c
26b,off_a,gsm8k-002,gsm8k,True,stop,2350.765923,391,f2d87fc42306da0b31aa98ab1bb7d76ec991abd76d688b0a368484ff8f546611
26b,off_a,mmlu_pro-018,mmlu_pro,False,stop,218.762056,5,2b811e58a6e1fde6992eb1ffe81c5357d5db8e2e33099f28d9e9b0d6f756ed0b
26b,off_a,ifeval-002,ifeval,True,stop,1033.396873,166,8e77a96a9edf3f7f573ae9468a065fe2c8167de2648d2b064f7af9692129061e
26b,off_a,mmlu_pro-035,mmlu_pro,True,stop,134.44654,5,7f12398eab61eabfade2a1506d641f27c6035a371dd16cf1e5bbce8ac82b36d3
26b,off_a,gsm8k-041,gsm8k,True,stop,542.86513,77,3cf399b709564d78b55d0ef5e71dadc7d2901fea7c42d01c38117fa605084334
26b,off_a,mbpp-007,mbpp,False,length,3036.186622,512,5ca9dc82575df50fd6d3e5cbfaae20cfb2086159a949f907fce2c253d8bb7b1f
26b,off_a,gsm8k-037,gsm8k,False,stop,1612.823992,257,d716e7c58249ec7e0d7b29d5962d3e018ce39402a7d54ebfe84bb4b90e0cbc51
26b,off_a,mmlu_pro-051,mmlu_pro,False,stop,167.76578,5,0b881d9aefb8729ec3519b9fc950d22641f552cae9e7b7c3d836e5049ae2a6eb
26b,off_a,gsm8k-039,gsm8k,True,stop,2452.208657,413,dc07bb5a2a12676ba0696b32192583e2bfc99c7b795c175fdb4c9d14065314eb
26b,off_a,mmlu_pro-012,mmlu_pro,False,stop,226.442679,5,e192490fee64ad593d0794e211855b9bb10e590dbd903c73641084fcd6da0256
26b,off_a,ifeval-024,ifeval,True,stop,1249.645048,193,febcfbd89fb2b506504593c867f944f0a0634204d2d8dc97394a6c073f421cc5
26b,off_a,ifeval-025,ifeval,True,stop,3018.330258,509,34b8bd7f2e6eaf43ec2dd59805b74171b1b8894a5480aeecb8608c915fb6ad77
26b,off_a,gsm8k-001,gsm8k,True,stop,1332.210273,211,8b34441fcc4effc237cc22cd0048fd238535f54b8773e47e5800924aa48f493b
26b,off_a,mbpp-036,mbpp,True,stop,314.122635,35,68f4d7589f633b92b13fefd6bef50c8c846fe1a3fe75b1a2bbc3a26e31f80c9f
26b,off_a,gsm8k-004,gsm8k,True,stop,809.560828,127,403acf20e2ab7f1066d703466eeec538c82750e216ccaab213fbb344599ebda7
26b,off_a,mbpp-022,mbpp,True,stop,330.740704,36,0de54c5f0b17f075fcf6b40205e874d57cddc5d15fb264c75bb341a73617141e
26b,off_a,mbpp-013,mbpp,True,stop,802.9611,119,ba87158c7b788cf7dab68009d329d431cf9b41debd6418b4d344e78a2818f0b1
26b,off_a,ifeval-013,ifeval,True,stop,1026.463018,168,2ac5354d9bb3ab0afdad585c7e0aab21e07c4b6d8faec198035d4ff8ad4743b5
26b,off_a,ifeval-007,ifeval,False,stop,356.682436,49,3f04418a8ae01c7574bce43661bbbe9ace6d2432e83294c05be4eddb89f69f89
26b,off_a,mbpp-021,mbpp,True,stop,584.280406,89,14be9e691965c61ccaff5d840a91799834301276f3da67a929d47e25123d2681
26b,off_a,mbpp-002,mbpp,True,stop,676.986749,101,74f0513651bafe66efa36352ec55fd56ef645ae0a59e5c37f56488fe1822e5e2
26b,off_a,gsm8k-054,gsm8k,True,stop,1502.210219,250,89b8275c1eac1fadf017ab38c5ee707a4452e5d0bbc14f6ab1d3ac02fc07acd3
26b,off_a,mmlu_pro-043,mmlu_pro,True,stop,142.463069,5,e192490fee64ad593d0794e211855b9bb10e590dbd903c73641084fcd6da0256
26b,off_a,mmlu_pro-036,mmlu_pro,True,stop,105.832421,5,79c14ef69b8803008a7947090ee9d8b4065c49bc1b60dd0d647e9b27f2aac0bd
26b,off_a,ifeval-004,ifeval,True,stop,3040.044289,522,3a0cbeb6e84a7dead91abb773e7fde95e8969f03459351481819f4f327393720
26b,off_a,gsm8k-042,gsm8k,True,stop,1031.380844,161,256327bb7257d4e57a4ff800abbd46f431314fff4af17b423a3f6d4f041efcdd
26b,off_a,ifeval-029,ifeval,True,stop,1975.040718,333,522ea30cdd25625a76d71776d42123b71228d7332db14cd2673e4401d73c352f
26b,off_a,gsm8k-017,gsm8k,True,stop,635.230938,93,c9b1b60bedca5ef6ae892605a83204c7194d2e504c2b2bf5d0d7c7e0decdbec1
26b,off_a,gsm8k-033,gsm8k,True,stop,1281.048588,210,b9816608863f569cc550e1e62781efcf893e4efd03c43847ee076a03f5151398
26b,off_a,mmlu_pro-002,mmlu_pro,False,stop,146.664453,5,2b811e58a6e1fde6992eb1ffe81c5357d5db8e2e33099f28d9e9b0d6f756ed0b
26b,off_a,gsm8k-005,gsm8k,True,stop,1035.586046,162,0fbac390c1d811bf608f1fc955d2a8ac95a5485aa45c1f7b5faeb1c43a7c2bf1
26b,off_a,mmlu_pro-004,mmlu_pro,True,stop,188.738202,5,75a8382d1f0eeb8ade3ff32fd5d253d6d61f5569a8c8c7a7f2fa4e891b73e012
26b,off_a,mmlu_pro-001,mmlu_pro,True,stop,214.429272,5,75a8382d1f0eeb8ade3ff32fd5d253d6d61f5569a8c8c7a7f2fa4e891b73e012
26b,off_a,mmlu_pro-031,mmlu_pro,True,stop,136.325259,5,2b811e58a6e1fde6992eb1ffe81c5357d5db8e2e33099f28d9e9b0d6f756ed0b
26b,off_a,ifeval-019,ifeval,True,stop,2559.372635,443,743e67289ddc699316966bef71804900a159670af3b656c0823e5ff25c89064d
26b,off_a,gsm8k-034,gsm8k,False,stop,2026.417907,332,d50034d108efffbc79b5918c4e8d5f6263b1a08d7f895c6ce1633f26edcad7d0
26b,off_a,gsm8k-031,gsm8k,True,stop,1452.22481,231,c82cdc07e53d95762a069569c3d8a473a3419d0e574aae91f8059f30fc54c547
26b,off_a,gsm8k-036,gsm8k,True,stop,1032.509128,164,d0f71858e208dcf7fbff2d3240ed28757732f0a532ab0ebb2a615b8ede804033
26b,off_a,gsm8k-022,gsm8k,True,stop,1260.95133,203,12d04fe6357faf49add0cd3a2263d43609715132d83814c067aa0fb5decbdadc
26b,off_a,mmlu_pro-023,mmlu_pro,False,stop,185.19101,5,f246277cc5248bc3d0e34f18c1e51dbf384b76ba4bc05357a5783df373eefa83
26b,off_a,ifeval-017,ifeval,True,stop,3215.434894,548,78430c652d519c24c5f775d9e722bf2e5f0e0f6e9623928e11c881234d7bb211
26b,off_a,mbpp-015,mbpp,True,stop,553.386585,72,aeb5e99e6c9fda6f10b362490a5eae3fcd336e45eb5d85798fe1355edf018a1a
26b,off_a,mmlu_pro-040,mmlu_pro,True,stop,124.141511,5,f246277cc5248bc3d0e34f18c1e51dbf384b76ba4bc05357a5783df373eefa83
26b,off_a,mmlu_pro-047,mmlu_pro,True,stop,153.052242,5,f246277cc5248bc3d0e34f18c1e51dbf384b76ba4bc05357a5783df373eefa83
26b,off_a,ifeval-022,ifeval,True,stop,800.638936,123,e240dc04a6dacdea6a673b5995f71959f4a2c200529f62076fed26c4f0d8f890
26b,off_a,gsm8k-028,gsm8k,True,stop,638.768611,99,008a3b202ae22512601adf88c7e06f9b9b30c552d06b84cd028fa3d8cd0ecc36
26b,off_a,mbpp-027,mbpp,True,stop,436.164159,53,c6bea878f01a3eb77a45734df8c801301f79b77d427d70565de7fe514e396189
26b,off_a,ifeval-005,ifeval,True,stop,2064.527511,341,b5a3c676aab5214dc58ed27877a7813e68116542bbf6169fc8e87d688463000e
26b,off_a,mbpp-029,mbpp,True,stop,944.297953,148,6f1a6b5922a15bf2461f3f9469766c3d65890c45923def42294824352d435ff3
26b,off_a,ifeval-010,ifeval,True,stop,2074.707195,349,7147fc70dc412c0b8493e76b855580f6614e6ffc19fa5edbd2ea79589103594b
26b,off_a,gsm8k-032,gsm8k,True,stop,1238.466637,194,dff85e67df64af8d7ed1f5633ee471b19fe70c8804ae659c16341477234a579f
26b,off_a,gsm8k-048,gsm8k,True,stop,1129.255364,179,84afabaec69303f8b34493301a67cc7e8cb3dabbd686b046147dab5ee26ab793
26b,off_a,ifeval-012,ifeval,True,stop,2462.192269,417,3d22577f5d603b472d42bdab18c627190028561fb91200220d49656a06942792
26b,off_a,mmlu_pro-037,mmlu_pro,True,stop,211.283028,5,383107968fb4dbad920fba520520a41a0449a7214bbf4a8288643187983af7c9
26b,off_a,gsm8k-026,gsm8k,True,stop,1863.012873,308,aa6ae5919c1fc16b5cf18e374ddaad4913176cd5e85d0cf23e6d4d1aee916dc2
26b,off_a,ifeval-027,ifeval,False,stop,3982.742909,680,cc2f96dc57849ca1f2305be3088b037214a0730fc224a5d8ed1dab6221740f71
26b,off_a,mbpp-032,mbpp,True,stop,643.839519,83,9e0837a89ac59a00f6a7c970b45bd4cbd81ac27f842af5a57cb9802178c0cbdf
26b,off_a,gsm8k-051,gsm8k,True,stop,1443.227287,231,904025a261b60d447f2a14904d29a3b8062b6cbdca49b226bb64b109bac606ad
26b,off_a,mmlu_pro-008,mmlu_pro,True,stop,171.292285,5,e7e621df907fc16c9b06df06caf0acd9c4800660de102246b77df7a00426983a
26b,off_a,mbpp-026,mbpp,True,stop,513.219149,70,11929beb76245890f5cfbd5e0319688f45048d8ffad43557e4a3ea51f7cf4dd7
26b,off_a,mbpp-033,mbpp,False,stop,1754.659308,292,f210df911bbe0af07687b7dabf4e5d0499b5ed1d1014572ac8e49bed7a8e1cf5
26b,off_a,mbpp-014,mbpp,False,stop,943.998458,136,612c13e00cee419c9959f681d06d9bc66a97cb8e7fce0f79b678e4b625faf2e3
26b,off_a,mbpp-024,mbpp,True,stop,1562.522055,249,95271c56f0e19b14ed5a019207e76ba08665ee2d1a5b6cc8fd225b040c27f8c1
26b,off_a,mmlu_pro-019,mmlu_pro,False,stop,213.716243,5,2b811e58a6e1fde6992eb1ffe81c5357d5db8e2e33099f28d9e9b0d6f756ed0b
26b,off_a,mmlu_pro-032,mmlu_pro,True,stop,172.872046,5,e192490fee64ad593d0794e211855b9bb10e590dbd903c73641084fcd6da0256
26b,off_a,mmlu_pro-034,mmlu_pro,False,stop,161.139838,5,f246277cc5248bc3d0e34f18c1e51dbf384b76ba4bc05357a5783df373eefa83
26b,off_a,mbpp-019,mbpp,True,stop,1298.513116,211,fab1341b9003f7246b930d08f6686938b2408bb3ef591279a0d37f632703f430
26b,off_a,gsm8k-025,gsm8k,True,stop,1005.954634,155,c8b7111bea2fb5b82761816643a84bdcbcd828be1a38815bb5d2d730db7dc57e
26b,off_a,mbpp-039,mbpp,True,stop,321.051582,35,df21cfb4c31276176ba552cc14abae47702e5f7deb9b3cb1ed37c88d89259258
26b,off_a,ifeval-039,ifeval,True,stop,357.393577,47,f1a9396ae22af757a401640d8a107e4ab714a7fc29cf7a8f48f3fa975423dc2d
26b,off_a,gsm8k-018,gsm8k,True,stop,500.478772,79,96ae1629157a0c0caf49b2f979d2dc56a842eef96769c2fd728e8dab2b52b752
26b,off_a,ifeval-026,ifeval,True,stop,1179.779736,200,d7faee2a1084643ba29db6535de6c5a8fb288d6067135a34af47b67ab8254b92
26b,off_a,gsm8k-009,gsm8k,False,length,3042.356853,512,a59e399cf6103f0806a0f0230aae5386eb1cf5e0589d8c342b81cc85f837c700
26b,off_a,mmlu_pro-020,mmlu_pro,False,stop,214.692082,5,7f12398eab61eabfade2a1506d641f27c6035a371dd16cf1e5bbce8ac82b36d3
26b,off_a,mmlu_pro-021,mmlu_pro,True,stop,188.641117,5,e192490fee64ad593d0794e211855b9bb10e590dbd903c73641084fcd6da0256
26b,off_a,mmlu_pro-013,mmlu_pro,True,stop,151.671699,5,0b881d9aefb8729ec3519b9fc950d22641f552cae9e7b7c3d836e5049ae2a6eb
26b,off_a,mmlu_pro-042,mmlu_pro,False,stop,182.098486,5,e7e621df907fc16c9b06df06caf0acd9c4800660de102246b77df7a00426983a
26b,off_a,mmlu_pro-057,mmlu_pro,True,stop,192.008251,5,f246277cc5248bc3d0e34f18c1e51dbf384b76ba4bc05357a5783df373eefa83
26b,off_a,mmlu_pro-000,mmlu_pro,False,stop,213.903093,5,2b811e58a6e1fde6992eb1ffe81c5357d5db8e2e33099f28d9e9b0d6f756ed0b
26b,off_a,mbpp-035,mbpp,True,stop,807.142872,119,9c77efdfc509033b1fa892a1b8be4e0b80a24bfa73527d2e982b4ebece38a82e
26b,off_a,mmlu_pro-039,mmlu_pro,True,stop,144.233009,5,0b881d9aefb8729ec3519b9fc950d22641f552cae9e7b7c3d836e5049ae2a6eb
26b,off_a,gsm8k-040,gsm8k,True,stop,1173.787055,193,27763bc156a765d2fc8eae5acdabe99a32b5a8e2889ecf5e6aa7b8bb64b641ca
26b,off_a,ifeval-014,ifeval,True,stop,2320.153028,394,4f7529df94945891dff37c92950a2795cab2d8bd02ef5cd7c8c872decf0b8302
26b,off_a,mmlu_pro-058,mmlu_pro,True,stop,202.973215,5,383107968fb4dbad920fba520520a41a0449a7214bbf4a8288643187983af7c9
26b,off_a,mmlu_pro-011,mmlu_pro,False,stop,157.172334,5,7f12398eab61eabfade2a1506d641f27c6035a371dd16cf1e5bbce8ac82b36d3
26b,off_a,mmlu_pro-056,mmlu_pro,True,stop,149.420334,5,e192490fee64ad593d0794e211855b9bb10e590dbd903c73641084fcd6da0256
26b,off_a,gsm8k-029,gsm8k,True,stop,577.446676,84,6db8ecb0fb43b30bd5cd23015d255aaccff5859a82a59b56f4f514691db71fc3
26b,off_a,ifeval-003,ifeval,True,stop,3441.505542,585,3a9db764aa636c5481cf4e853fc2f7c3f69690c2a08d30d13544161eac27d87f
26b,off_a,mmlu_pro-005,mmlu_pro,False,stop,219.488622,5,75a8382d1f0eeb8ade3ff32fd5d253d6d61f5569a8c8c7a7f2fa4e891b73e012
26b,off_a,gsm8k-053,gsm8k,True,stop,1323.683831,203,d79d11116ef2b5be907539eff55d1b9b74fcfda0fcf9835815ffb2d5acaa2f7c
26b,off_a,mmlu_pro-007,mmlu_pro,False,stop,172.063195,5,75a8382d1f0eeb8ade3ff32fd5d253d6d61f5569a8c8c7a7f2fa4e891b73e012
26b,off_a,mbpp-006,mbpp,True,stop,1351.409349,214,3fc0000046150071aa5f8e460b3cbda0f19ca422c6227bc0e98672b9e7987a49
26b,off_a,mmlu_pro-028,mmlu_pro,True,stop,150.814842,5,2b811e58a6e1fde6992eb1ffe81c5357d5db8e2e33099f28d9e9b0d6f756ed0b
26b,off_a,mbpp-008,mbpp,True,stop,346.390151,37,b9c3891975dc17ad1c5ddeedb3e45f00247bb080fa933dfed4ebc7e6ea84f63b
26b,off_a,gsm8k-058,gsm8k,True,stop,1770.38212,289,6e57dd6d8a12f26841820fea15b350f2a297465407e8d69de31ecbee660ef6c4
26b,off_a,gsm8k-003,gsm8k,True,stop,1621.381751,265,81ef520c5a83a9cbc12620a189ad5dc5686569fbf327b9084be6a37f7210a3d3
26b,off_a,gsm8k-043,gsm8k,True,stop,1026.125893,158,cfa23b4e494d42ea6065b447af9967ac5033b64a76134f85dab7f29f32550ca8
26b,off_a,mbpp-009,mbpp,True,stop,378.868256,48,0ae66bb5151f35bb386de184770b12519a1f1a5c534e77bc5240a5d57c8760c0
26b,off_a,mmlu_pro-014,mmlu_pro,True,stop,141.740819,5,0b881d9aefb8729ec3519b9fc950d22641f552cae9e7b7c3d836e5049ae2a6eb
26b,off_a,gsm8k-024,gsm8k,True,stop,994.540381,156,46f6a717bc53fb781c9ceae9df1cecad80c20f36911a9613f407588436725083
26b,off_a,mbpp-031,mbpp,True,stop,397.581336,48,870c3c71e6b349c79985bda672e838646e0fd8580f454a70fb1f3b44e79eee38
26b,off_a,gsm8k-056,gsm8k,True,stop,1249.834524,205,5b2a610af929d8f9fda2dabd03d16d24b18309c25bd5efd2060d9e29612595bd
26b,off_a,mmlu_pro-030,mmlu_pro,True,stop,138.146155,5,7f12398eab61eabfade2a1506d641f27c6035a371dd16cf1e5bbce8ac82b36d3
26b,off_a,mmlu_pro-025,mmlu_pro,True,stop,174.345053,5,e7e621df907fc16c9b06df06caf0acd9c4800660de102246b77df7a00426983a
26b,off_a,mbpp-037,mbpp,True,stop,450.871902,45,b0d87a4f246ab0c8abbec4db556c2753bbc57afbbd24e7a4946f2e333bf0144d
26b,off_a,gsm8k-012,gsm8k,True,stop,606.323186,91,2223b738487bf9f40b3bbf4bf306cb2a64dd364748f07af2d562b2f1eae2a1b4
26b,off_a,mbpp-020,mbpp,True,stop,307.857539,39,b9fbb54da04dac4530d79e61d7c731421a6d495890c45f2ae532364223540357
26b,off_a,ifeval-016,ifeval,False,stop,93.842472,3,756323b169728673341620db9f90fdab034169535fd52280c13cc5af618f5593
26b,off_a,gsm8k-020,gsm8k,True,stop,1081.825176,179,a00cfa8d5f083ab46eed787b62fc629c95cc50f026fafccb4485cdd0b7c8007a
26b,off_a,gsm8k-011,gsm8k,True,stop,494.395962,70,e0941ac82f6979eb5b5473ac676b7085543b67e91b9984f8ec72a8e667d46fbe
26b,off_a,mmlu_pro-054,mmlu_pro,False,stop,119.073545,5,e7e621df907fc16c9b06df06caf0acd9c4800660de102246b77df7a00426983a
26b,off_a,mmlu_pro-041,mmlu_pro,True,stop,140.314001,5,e192490fee64ad593d0794e211855b9bb10e590dbd903c73641084fcd6da0256
26b,off_a,gsm8k-019,gsm8k,True,stop,1014.352202,154,8a1c13bd8ea09b4420a407abb9578547f68935ac9f1603ab65b65be1ded796fb
26b,off_a,mmlu_pro-033,mmlu_pro,True,stop,132.333824,5,79c14ef69b8803008a7947090ee9d8b4065c49bc1b60dd0d647e9b27f2aac0bd
26b,off_a,mbpp-025,mbpp,True,stop,536.223067,80,e287984195e830c9e160f5c11fe7fb397db0946398638f77be47852ea0915cef
26b,off_a,mmlu_pro-029,mmlu_pro,True,stop,150.634944,5,0b881d9aefb8729ec3519b9fc950d22641f552cae9e7b7c3d836e5049ae2a6eb
26b,off_a,mmlu_pro-009,mmlu_pro,True,stop,166.363864,5,7f12398eab61eabfade2a1506d641f27c6035a371dd16cf1e5bbce8ac82b36d3
